Make,Model,Variant,Displacement,Cylinders,Fuel_Tank_Capacity,Fuel_Type,Mileage,Mileage,Gross_Vehicle_Weight,Kerb_Weight
Tata,Nano Genx,Xt,624,2,24,Petrol,23.6,23.6,,660 kg
Tata,Nano Genx,Xe,624,2,24,Petrol,23.6,23.6,,725 kg
Tata,Nano Genx,Emax Xm,624,2,15,CNG,36,36,,710 kg
Tata,Nano Genx,Xta,624,2,24,Petrol,23.6,23.6,,725 kg
Tata,Nano Genx,Xm,624,2,24,Petrol,23.6,23.6,,725 kg
Tata,Nano Genx,Xma,624,2,24,Petrol,23.6,23.6,,710 kg
Datsun,Redi-Go,D,799,3,28,Petrol,21.38,21.38,,
Datsun,Redi-Go,T,799,3,28,Petrol,21.38,21.38,,725 kg
Datsun,Redi-Go,A,799,3,28,Petrol,21.38,21.38,,725 kg
Datsun,Redi-Go,S,799,3,28,Petrol,21.38,21.38,,
Datsun,Redi-Go,1.0 S,999,3,28,Petrol,22.5,22.5,,
Datsun,Redi-Go,1.0 S Amt,999,3,28,Petrol,23,23,,
Renault,Kwid,Rxe 0.8,799,3,28,Petrol,25.17,25.17,,669 kg
Renault,Kwid,Std 0.8,799,3,28,Petrol,25.17,25.17,,669 kg
Renault,Kwid,Rxl 0.8,799,3,28,Petrol,25.17,25.17,,669 kg
Renault,Kwid,Rxt 0.8,799,3,28,Petrol,25.17,25.17,,669 kg
Renault,Kwid,Rxt 1.0,999,3,28,Petrol,25.17,25.17,,669 kg
Renault,Kwid,Climber 1.0 Mt,999,3,28,Petrol,25.17,25.17,,669 kg
Renault,Kwid,Rxt Amt 1.0,999,3,28,Petrol,25.17,25.17,,669 kg
Renault,Kwid,Climber Amt 1.0,999,3,28,Petrol,25.17,25.17,,669 kg
Renault,Kwid,Rxt (O) 1.0,999,3,28,Petrol,25.17,25.17,,669 kg
Renault,Kwid,Rxt (O) Amt 1.0,999,3,28,Petrol,25.17,25.17,,669 kg
Renault,Kwid,Climber (O) Mt 1.0,999,3,28,Petrol,25.17,25.17,,669 kg
Renault,Kwid,Climber (O) Amt 1.0,999,3,28,Petrol,25.17,25.17,,669 kg
Maruti Suzuki,Eeco,5 Str,1196,4,40,Petrol,12,12,1510 kg,920 kg
Maruti Suzuki,Eeco,7 Str,1196,4,40,Petrol,12,12,1540 kg,940 kg
Maruti Suzuki,Eeco,5 Str With Ac+Htr,1196,4,40,Petrol,11,11,1510 kg,928 kg
Maruti Suzuki,Eeco,5 Str With Ac+Htr Cng,1196,4,40,CNG,20,20,1510 kg,1050 kg
Maruti Suzuki,Eeco,5 Str With Htr Cng,1196,4,40,CNG,20,20,1510 kg,1030 kg
Maruti Suzuki,Alto K10,Lxi,998,3,35,Petrol,14,14,1210 kg,745 kg
Maruti Suzuki,Alto K10,Vxi,998,3,35,Petrol,14,14,1210 kg,750 kg
Maruti Suzuki,Alto K10,Lx,998,3,35,Petrol,19,19,1210 kg,740 kg
Maruti Suzuki,Alto K10,Vxi (O),998,3,35,Petrol,14,14,1210 kg,755 kg
Maruti Suzuki,Alto K10,Lxi Cng (O),998,3,35,CNG,32.26,32.26,1210 kg,740 kg
Maruti Suzuki,Alto K10,Vxi Amt (O),998,3,35,Petrol,14,14,1210 kg,755 kg
Datsun,Go,D,1198,3,35,Petrol,20.1,20.1,,864 kg
Datsun,Go,T,1198,3,35,Petrol,20.1,20.1,,864 kg
Datsun,Go,T (O),1198,3,35,Petrol,20.6,20.6,,864 kg
Datsun,Go,A (O),1198,3,35,Petrol,20.6,20.6,,864 kg
Datsun,Go,A,1198,3,35,Petrol,20.6,20.6,,864 kg
Datsun,Go,T Vdc,1198,3,35,Petrol,20.1,20.1,,864 kg
Datsun,Go,T (O) Vdc,1198,3,35,Petrol,20.6,20.6,,864 kg
Datsun,Go,T Cvt,1198,3,35,Petrol,20.1,20.1,,864 kg
Datsun,Go,T (O) Cvt,1198,3,35,Petrol,20.6,20.6,,864 kg
Maruti Suzuki,Celerio Tour,H2,998,3,35,Petrol,23,23,1250 kg,830 kg
Maruti Suzuki,Celerio Tour,H2 Cng,998,3,60,CNG,31.76,31.76,1350 kg,915 kg
Hyundai,Santro,Era Mt,1086,4,35,Petrol,20.3,20.3,,
Hyundai,Santro,Magna Mt,1086,4,35,Petrol,20.3,20.3,,
Hyundai,Santro,Magna Mt Cng,1086,4,35,CNG,30.48,30.48,,
Hyundai,Santro,Magna Amt,1086,4,35,Petrol,20.3,20.3,,
Hyundai,Santro,Sportz Mt,1086,4,35,Petrol,20.3,20.3,,
Hyundai,Santro,Sportz Mt Cng,1086,4,60,CNG,30.48,30.48,,
Hyundai,Santro,Sportz Amt,1086,4,35,Petrol,20.3,20.3,,
Hyundai,Santro,Asta Mt,1086,4,35,Petrol,20.3,20.3,,
Tata,Tiago,Revotron Xe,1199,3,35,Petrol,23,23,,935 kg
Tata,Tiago,Revotron Xt,1199,3,35,Petrol,23.84,23.84,,930 kg
Tata,Tiago,Revotron Xz,1199,3,35,Petrol,23.84,23.84,,930 kg
Tata,Tiago,Revotron Xz Plus,1199,3,35,Petrol,23.84,23.84,,930 kg
Tata,Tiago,Revotron Xz Plus Dual Tone,1199,3,35,Petrol,23.84,23.84,,930 kg
Tata,Tiago,Revotron Xza,1199,3,35,Petrol,23.84,23.84,,930 kg
Tata,Tiago,Revotron Xza Plus,1199,3,35,Petrol,23.84,23.84,,930 kg
Tata,Tiago,Revotron Xza Plus Dual Tone,1199,3,35,Petrol,23.84,23.84,,930 kg
Maruti Suzuki,Celerio X,Vxi (O),998,3,35,Petrol,23,23,1250 kg,810 kg
Maruti Suzuki,Celerio X,Vxi,998,3,35,Petrol,23,23,1250 kg,810 kg
Maruti Suzuki,Celerio X,Vxi Amt,998,3,35,Petrol,23,23,1250 kg,810 kg
Maruti Suzuki,Celerio X,Vxi Amt (O),998,3,35,Petrol,23,23,1250 kg,810 kg
Maruti Suzuki,Celerio X,Zxi,998,3,35,Petrol,23,23,1250 kg,810 kg
Maruti Suzuki,Celerio X,Zxi (O),998,3,35,Petrol,23,23,1250 kg,810 kg
Maruti Suzuki,Celerio X,Zxi Amt,998,3,35,Petrol,23,23,1250 kg,810 kg
Maruti Suzuki,Celerio X,Zxi Amt (O),998,3,35,Petrol,23,23,1250 kg,810 kg
Maruti Suzuki,Ignis,Alpha 1.2 Amt,1197,4,32,Petrol,20.89,20.89,,860 kg
Maruti Suzuki,Ignis,Alpha 1.2 Mt,1197,4,32,Petrol,20.89,20.89,,860 kg
Maruti Suzuki,Ignis,Delta 1.2 Amt,1197,4,32,Petrol,20.89,20.89,,825 kg
Maruti Suzuki,Ignis,Delta 1.2 Mt,1197,4,32,Petrol,20.89,20.89,,825 kg
Maruti Suzuki,Ignis,Sigma 1.2 Mt,1197,4,32,Petrol,20.89,20.89,,825 kg
Maruti Suzuki,Ignis,Zeta 1.2 Amt,1197,4,32,Petrol,15.1,15.1,,
Maruti Suzuki,Ignis,Zeta 1.2 Mt,1197,4,32,Petrol,20.89,20.89,,
Renault,Triber,Rxe,999,3,40,Petrol,20.5,20.5,,947 kg
Renault,Triber,Rxl,999,3,40,Petrol,20.5,20.5,,947 kg
Renault,Triber,Rxt,999,3,40,Petrol,20.5,20.5,,947 kg
Renault,Triber,Rxz,999,3,40,Petrol,20.5,20.5,,947 kg
Premier,Rio,Gx,1173,4,46,Petrol,13,13,1530 kg,1080 kg
Premier,Rio,Ex,1489,4,46,Diesel,12,12,1530 kg,1145 kg
Premier,Rio,Glx,1173,4,46,Petrol,13,13,1530 kg,1080 kg
Premier,Rio,Dx,1489,4,46,Diesel,12,12,1530 kg,1145 kg
Premier,Rio,Lx,1489,4,46,Diesel,12,12,1530 kg,1145 kg
Premier,Rio,Crdi4,1248,4,46,Diesel,20,20,1530 kg,1145 kg
Toyota,Etios Liva,G,1197,4,45,Petrol,15.1,15.1,1475 kg,895 kg
Toyota,Etios Liva,V,1197,4,45,Petrol,15.1,15.1,1475 kg,895 kg
Toyota,Etios Liva,Gd,1364,4,45,Diesel,20.3,20.3,1475 kg,895 kg
Toyota,Etios Liva,Vx,1197,4,45,Petrol,15.1,15.1,1475 kg,895 kg
Toyota,Etios Liva,Vxd,1364,4,45,Diesel,20.3,20.3,1475 kg,895 kg
Toyota,Etios Liva,Vd,1364,4,45,Diesel,20.3,20.3,1475 kg,895 kg
Toyota,Etios Liva,Dual Tone V,1197,4,45,Petrol,15.1,15.1,1475 kg,895 kg
Toyota,Etios Liva,Dual Tone Vd,1364,4,45,Diesel,20.3,20.3,1475 kg,895 kg
Toyota,Etios Liva,Dual Tone Vx,1197,4,45,Petrol,15.1,15.1,1475 kg,895 kg
Toyota,Etios Liva,Dual Tone Vxd,1364,4,45,Diesel,20.3,20.3,1475 kg,895 kg
Toyota,Etios Liva,Gx,1197,4,45,Petrol,15.1,15.1,1475 kg,895 kg
Toyota,Etios Liva,Gxd,1364,4,45,Diesel,20.3,20.3,1475 kg,895 kg
Toyota,Etios Liva,Vx Dual Tone Limited Edition,1197,4,45,Petrol,15.1,15.1,1475 kg,895 kg
Toyota,Etios Liva,Vxd Dual Tone Limited Edition,1364,4,45,Diesel,20.3,20.3,1475 kg,895 kg
Nissan,Micra Active,Xl,1198,3,41,Petrol,18.97,18.97,,
Nissan,Micra Active,Xv,1198,3,41,Petrol,19.49,19.49,,
Nissan,Micra Active,Xl (O),1198,3,41,Petrol,18.97,18.97,,
Tata,Bolt,Xt Diesel,1248,4,44,Diesel,22.95,22.95,1160 kg,1132 kg
Tata,Bolt,Xe Diesel,1248,4,44,Diesel,22.95,22.95,1160 kg,1132 kg
Tata,Bolt,Xm Diesel,1248,4,44,Diesel,22.95,22.95,1160 kg,1132 kg
Tata,Bolt,Xms Diesel,1248,4,44,Diesel,22.95,22.95,1160 kg,1132 kg
Tata,Bolt,Xt Petrol,1193,4,44,Petrol,17.57,17.57,1125 kg,1095 kg
Tata,Bolt,Xe Petrol,1193,4,44,Petrol,17.57,17.57,1125 kg,1095 kg
Tata,Bolt,Xm Petrol,1193,4,44,Petrol,17.57,17.57,1125 kg,1095 kg
Tata,Bolt,Xms Petrol,1193,4,44,Petrol,17.57,17.57,1125 kg,1095 kg
Hyundai,Xcent Prime,Cng T + (Cng +,1197,4,43,CNG + Petrol,25,25,1530 kg,1100 kg
Hyundai,Xcent Prime,T,1197,4,43,Petrol,15.7,15.7,1530 kg,1100 kg
Hyundai,Xcent Prime,T+,1197,4,43,Petrol,15.7,15.7,1530 kg,1100 kg
Hyundai,Xcent Prime,Cng T (Cng +,1197,4,43,CNG + Petrol,25,25,1530 kg,1100 kg
Hyundai,Xcent Prime,T+ Crdi,1197,4,43,Diesel,20.14,20.14,1530 kg,1100 kg
Hyundai,Xcent Prime,T Crdi,1197,4,43,Diesel,20,20,1530 kg,1100 kg
Maruti Suzuki,Dzire Tour,Ldi,1248,4,42,Diesel,14.6,14.6,1505 kg,1045 kg
Maruti Suzuki,Dzire Tour,Lxi,1197,4,42,Petrol,16.3,16.3,1415 kg,935 kg
Maruti Suzuki,Dzire Tour,Lxi Cng,1197,4,42,CNG,26.6,26.6,1415 kg,935 kg
Hyundai,Elite I20,Era 1.2,1197,4,45,Petrol,13.3,13.3,1170 kg,1066 kg
Hyundai,Elite I20,Era 1.4 Crdi,1396,4,45,Diesel,18.4,18.4,1170 kg,1510 kg
Hyundai,Elite I20,Magna Plus,1197,4,45,Petrol,13.3,13.3,1170 kg,1058 kg
Hyundai,Elite I20,Magna Plus Crdi,1396,4,45,Diesel,18.4,18.4,1170 kg,1510 kg
Hyundai,Elite I20,Sportz Plus,1197,4,45,Petrol,13.3,13.3,1170 kg,1060 kg
Hyundai,Elite I20,Sportz Plus Crdi Dual Tone,1396,4,45,Diesel,18.4,18.4,1170 kg,1515 kg
Hyundai,Elite I20,Asta (O) 1.2,1197,4,45,Petrol,13.3,13.3,1170 kg,1515 kg
Hyundai,Elite I20,Asta (O) Crdi,1396,4,45,Diesel,18.4,18.4,1170 kg,1515 kg
Hyundai,Elite I20,Asta (O) Cvt,1197,4,45,Petrol,13.3,13.3,1170 kg,1066 kg
Hyundai,Elite I20,Sportz Plus Dual Tone,1197,4,45,Petrol,13.3,13.3,1170 kg,1060 kg
Hyundai,Elite I20,Sportz Plus Cvt,1197,4,45,Petrol,13.3,13.3,1170 kg,1060 kg
Hyundai,Elite I20,Sportz Plus Crdi,1396,4,45,Diesel,18.4,18.4,1170 kg,1515 kg
Hyundai,Aura,E 1.2 Petrol,1197,4,37,Petrol,20.5,20.5,,
Hyundai,Aura,S 1.2 Petrol,1197,4,37,Petrol,20.5,20.5,,
Hyundai,Aura,S 1.2 Amt Petrol,1197,4,37,Petrol,20.1,20.1,,
Hyundai,Aura,Sx 1.2 Petrol,1197,4,37,Petrol,20.5,20.5,,
Hyundai,Aura,Sx Plus 1.2 Amt Petrol,1197,4,37,Petrol,20.1,20.1,,
Hyundai,Aura,Sx (O) 1.2 Petrol,1197,4,37,Petrol,20.5,20.5,,
Hyundai,Aura,S 1.2 Cng Petrol (Cng +,1197,4,37,CNG + Petrol,20.5,20.5,,
Hyundai,Aura,Sx Plus 1.0 Petrol,998,4,37,Petrol,20.5,20.5,,
Hyundai,Aura,S 1.2 Diesel,1186,4,37,Diesel,25.35,25.35,,
Hyundai,Aura,S 1.2 Amt Diesel,1186,4,37,Diesel,20.4,20.4,,
Hyundai,Aura,Sx Plus 1.2 Amt Diesel,1186,4,37,Diesel,25.4,25.4,,
Hyundai,Aura,Sx (O) 1.2 Diesel,1186,4,37,Diesel,25.35,25.35,,
Volkswagen,Polo,Trendline 1.0L (P),999,3,45,Petrol,14,14,1520 kg,1033 kg
Volkswagen,Polo,Comfortline 1.0 (P),999,3,45,Petrol,14,14,1520 kg,1049 kg
Volkswagen,Polo,Highline Plus 1.0 (P),999,3,45,Petrol,14,14,1520 kg,1053 kg
Volkswagen,Polo,Trendline 1.5L (D),1498,4,45,Diesel,19,19,1520 kg,1033 kg
Volkswagen,Polo,Comfortline 1.5 (D),1498,4,45,Diesel,19,19,1620 kg,1142 kg
Volkswagen,Polo,Highline Plus 1.5 (D),1498,4,45,Diesel,19,19,1620 kg,1158 kg
Volkswagen,Polo,Gt Tsi,1197,4,45,Petrol,17,17,1580 kg,1109 kg
Volkswagen,Polo,Gt Tdi,1498,4,45,Diesel,19,19,1620 kg,1148 kg
Maruti Suzuki,Dzire,Lxi,1197,4,37,Petrol,16.3,16.3,1315 kg,860 kg
Maruti Suzuki,Dzire,Vxi,1197,4,37,Petrol,16.3,16.3,1315 kg,872 kg
Maruti Suzuki,Dzire,Ldi,1248,4,37,Diesel,28.4,28.4,1405 kg,955 kg
Maruti Suzuki,Dzire,Zxi,1197,4,37,Petrol,16.3,16.3,1315 kg,882 kg
Maruti Suzuki,Dzire,Vdi,1248,4,37,Diesel,28.4,28.4,1405 kg,967 kg
Maruti Suzuki,Dzire,Vxi Amt,1197,4,37,Petrol,16.3,16.3,1315 kg,872 kg
Maruti Suzuki,Dzire,Zdi Amt,1248,4,37,Diesel,28.4,28.4,1405 kg,978 kg
Maruti Suzuki,Dzire,Zdi,1248,4,37,Diesel,28.4,28.4,1405 kg,978 kg
Maruti Suzuki,Dzire,Zxi Plus,1197,4,37,Petrol,16.3,16.3,1315 kg,895 kg
Maruti Suzuki,Dzire,Zxi At,1197,4,37,Petrol,16.3,16.3,1315 kg,882 kg
Maruti Suzuki,Dzire,Zxi Plus Amt,1197,4,37,Petrol,16.3,16.3,1315 kg,990 kg
Maruti Suzuki,Dzire,Zdi Plus,1248,4,37,Diesel,28.4,28.4,1405 kg,895 kg
Maruti Suzuki,Dzire,Vdi Amt,1248,4,37,Diesel,28.4,28.4,1405 kg,967 kg
Maruti Suzuki,Dzire,Zdi Plus Amt,1248,4,37,Diesel,28.4,28.4,1405 kg,990 kg
Ford,Freestyle,1.5L Tdci Ambiente,1498,4,40,Diesel,24.4,24.4,,1062 kg
Ford,Freestyle,1.5L Tdci Titanium,1498,4,40,Diesel,24.4,24.4,,1074 kg
Ford,Freestyle,1.5L Tdci Titanium Plus,1498,4,40,Diesel,24.4,24.4,,1080 kg
Ford,Freestyle,1.2L Ti-Vct Ambiente,1194,3,42,Petrol,19,19,,1026 kg
Ford,Freestyle,1.2L Ti-Vct Titanium,1194,3,42,Petrol,19,19,,1038 kg
Ford,Freestyle,1.2L Ti-Vct Titanium Plus,1194,3,42,Petrol,19,19,,1044 kg
Ford,Freestyle,1.2L Ti-Vct Trend Plus,1194,3,42,Petrol,19,19,,1032 kg
Ford,Freestyle,1.5L Tdci Trend Plus,1498,3,42,Diesel,24.4,24.4,,1068 kg
Volkswagen,Ameo,Trendline 1.5L Tdi,1498,4,45,Diesel,15.3,15.3,1500 kg,1044 kg
Volkswagen,Ameo,Comfortline 1.5L Tdi,1498,4,45,Diesel,15.3,15.3,1500 kg,1044 kg
Volkswagen,Ameo,Highline Plus 1.5L Tdi Dsg,1498,4,45,Diesel,15.3,15.3,1630 kg,1184 kg
Volkswagen,Ameo,Highline Plus 1.5L Tdi,1498,4,45,Diesel,15.3,15.3,1500 kg,1044 kg
Volkswagen,Ameo,Trendline 1.0L,999,3,45,Petrol,19,19,1500 kg,1027 kg
Volkswagen,Ameo,Comfortline 1.0L,999,3,45,Petrol,19,19,1500 kg,1039 kg
Volkswagen,Ameo,Highline Plus 1.0L,999,3,45,Petrol,19,19,1500 kg,1050 kg
Volkswagen,Ameo,Gt Line Tdi Dsg,1498,4,45,Diesel,15.3,15.3,1630 kg,1184 kg
Ford,Aspire,1.2 Ti-Vct Ambiente,1194,4,42,Petrol,20.4,20.4,,1016-1043 kg
Ford,Aspire,1.2 Ti-Vct Trend Plus,1194,4,42,Petrol,20.4,20.4,,1016-1043 kg
Ford,Aspire,1.2 Ti-Vct Trend,1194,4,42,Petrol,20.4,20.4,,1016-1043 kg
Ford,Aspire,1.5 Tdci Ambiente,1498,4,40,Diesel,26.1,26.1,,1053-1080 kg
Ford,Aspire,1.5 Tdci Trend,1498,4,40,Diesel,26.1,26.1,,1053-1080 kg
Ford,Aspire,1.5 Tdci Trend Plus,1498,4,40,Diesel,26.1,26.1,,1053-1080 kg
Ford,Aspire,1.5 Tdci Titanium,1498,4,40,Diesel,26.1,26.1,,1053-1080 kg
Ford,Aspire,1.5 Tdci Titanium Plus,1498,4,40,Diesel,26.1,26.1,,1053-1080 kg
Ford,Aspire,1.2 Ti-Vct Titanium Plus,1194,4,42,Petrol,19.4,19.4,,
Ford,Aspire,1.2 Ti-Vct Titanium,1194,4,42,Petrol,19.4,19.4,,1016-1043 kg
Ford,Aspire,1.2 Trend Plus Cng,1194,4,42,CNG,20.4,20.4,,1016-1043 kg
Ford,Aspire,1.2 Ti-Vct Blu,1194,4,42,Petrol,19.4,19.4,,1016-1043 kg
Ford,Aspire,1.5 Tdci Blu,1498,4,40,Diesel,26.1,26.1,,1053-1080 kg
Toyota,Platinum Etios,G,1496,4,45,Petrol,13.6,13.6,1285 kg,935 kg
Toyota,Platinum Etios,V,1496,4,45,Petrol,13.6,13.6,1285 kg,935 kg
Toyota,Platinum Etios,Gd,1364,4,45,Diesel,20.32,20.32,1650 kg,1020 kg
Toyota,Platinum Etios,Vd,1364,4,45,Diesel,20.3,20.3,1650 kg,1020 kg
Toyota,Platinum Etios,Vxd,1364,4,45,Diesel,20.32,20.32,,1020 kg
Toyota,Platinum Etios,Vx,1496,4,45,Petrol,13.6,13.6,,990 kg
Toyota,Platinum Etios,Gx,1496,4,45,Petrol,13.6,13.6,1285 kg,935 kg
Toyota,Platinum Etios,Gxd,1364,4,45,Diesel,20.3,20.3,1650 kg,1020 kg
Toyota,Platinum Etios,Vxd Limited Edition,1364,4,45,Diesel,20.32,20.32,,1020 kg
Toyota,Platinum Etios,Vx Limited Edition,1496,4,45,Petrol,13.6,13.6,,990 kg
Toyota,Etios Cross,V,1496,4,45,Petrol,15,15,,950 kg
Toyota,Etios Cross,G,1197,4,45,Petrol,16.78,16.78,,935 kg
Toyota,Etios Cross,Vd,1364,4,45,Diesel,18.1,18.1,,1030 kg
Toyota,Etios Cross,Gd,1364,4,45,Diesel,18.1,18.1,,1015 kg
Toyota,Etios Cross,1.2 X Edition,1197,4,45,Petrol,16.78,16.78,,935 kg
Toyota,Etios Cross,1.4 X Edition,1364,4,45,Diesel,18.1,18.1,,1015 kg
Mahindra,Verito Vibe,D2,1461,4,50,Diesel,18,18,1655 kg,1155 kg
Mahindra,Verito Vibe,D4,1461,4,50,Diesel,18,18,1655 kg,1155 kg
Mahindra,Verito Vibe,D6,1461,4,50,Diesel,18,18,1655 kg,1155 kg
Fiat,Urban Cross,1.3 Multijet Active,1248,4,45,Diesel,20,20,,1210 kg
Fiat,Urban Cross,1.3 Multijet Dynamic,1248,4,45,Diesel,20,20,205 kg,1215 kg
Fiat,Urban Cross,1.4 T-Jet Emotion,1368,4,45,Petrol,17,17,,1215 kg
Fiat,Urban Cross,1.3 Multijet Emotion,1248,4,45,Diesel,20,20,,1215 kg
Toyota,Glanza,G Hybrid,1197,4,37,Petrol,23.87,23.87,1360 kg,910 kg
Toyota,Glanza,V,1197,4,37,Petrol,21.01,21.01,1340 kg,890 kg
Toyota,Glanza,G Cvt,1197,4,37,Petrol,19.56,19.56,1360 kg,935 kg
Toyota,Glanza,V Cvt,1197,4,37,Petrol,19.56,19.56,1360 kg,935 kg
Toyota,Glanza,G Mt,1197,4,37,Petrol,19.56,19.56,1360 kg,935 kg
Fiat,Avventura,Multijet Dynamic,1248,4,45,Diesel,11.2,11.2,,1245 kg
Fiat,Avventura,Multijet Active,1248,4,45,Diesel,11.2,11.2,,1240 kg
Fiat,Avventura,Multijet Emotion,1248,4,45,Diesel,11.2,11.2,,1255 kg
Honda,Jazz,V Petrol,1199,4,40,Petrol,11.3,11.3,,1042 kg
Honda,Jazz,Vx Cvt,1199,4,40,Petrol,11.3,11.3,,1066 kg
Honda,Jazz,Vx Petrol,1199,4,40,Petrol,11.3,11.3,,1044 kg
Honda,Jazz,V Cvt,1199,4,40,Petrol,11.3,11.3,,1064 kg
Honda,Jazz,S Diesel,1498,4,40,Diesel,12,12,,1139 kg
Honda,Jazz,V Diesel,1498,4,40,Diesel,12,12,,1146 kg
Honda,Jazz,Vx Diesel,1498,4,40,Diesel,12,12,,1155 kg
Honda,Jazz,Exclusive Edition Cvt,1199,4,40,Petrol,18.2,18.2,,1066 kg
Jeep,Compass Trailhawk,2.0 Trailhawk 4X4 At,1956,4,60,Diesel,16.3,16.3,,1654 kg
Jeep,Compass Trailhawk,2.0 Trailhawk (O) 4X4 At,1956,4,60,Diesel,16.3,16.3,,1654 kg
Isuzu,Mu-X,4X2,2999,4,76,Diesel,13.8,13.8,,
Isuzu,Mu-X,4X4,2999,4,76,Diesel,13.8,13.8,,
Mahindra,Alturas G4,2Wd At,2157,4,70,Diesel,12.35,12.35,,
Mahindra,Alturas G4,4Wd At,2157,4,70,Diesel,12.05,12.05,,
Volkswagen,Tiguan,Comfortline 2.0L Tdi Amt,1968,4,71,Diesel,17.06,17.06,2250 kg,1720 kg
Volkswagen,Tiguan,Highline 2.0L Tdi Amt,1968,4,71,Diesel,17.06,17.06,2250 kg,1720 kg
Honda,Cr-V,2Wd Petrol Cvt,1997,4,57,Petrol,14.4,14.4,,
Honda,Cr-V,2Wd Diesel At,1597,4,57,Diesel,19.5,19.5,,
Honda,Cr-V,Awd Diesel At,1597,4,57,Diesel,18.3,18.3,,1725 kg
Skoda,Superb Sportline,Sportline 1.8L Tsi At,1798,4,66,Petrol,11.3,11.3,2030 kg,1540 kg
Skoda,Superb Sportline,Sportline 2.0L Tdi At,1968,4,66,Diesel,15.1,15.1,2060 kg,1565 kg
Audi,A3,35 Tdi Premium Plus,1968,4,50,Diesel,18,18,1890 kg,1340 kg
Audi,A3,35 Tdi Technology,1968,4,50,Diesel,18,18,1890 kg,1340 kg
Audi,A3,35 Tfsi Premium Plus,1395,4,50,Petrol,12.4,12.4,1890 kg,1340 kg
Audi,A3,35 Tfsi Technology,1395,4,50,Petrol,12.4,12.4,1890 kg,1340 kg
Mercedes,Mercedes-Benz B-Class,B 180 Sport,1595,4,50,Petrol,9.5,9.5,1950 kg,1425 kg
Mercedes,Mercedes-Benz B-Class,B 200 Cdi Sport,2143,4,50,Diesel,11.5,11.5,2025 kg,1577 kg
Mercedes,Mercedes-Benz B-Class,B 180 Night Edition,1595,4,50,Petrol,9.5,9.5,1950 kg,1425 kg
Mercedes,Mercedes-Benz B-Class,B 200 Cdi Night Edition,2143,4,50,Diesel,11.5,11.5,2025 kg,1577 kg
Mercedes,Mercedes-Benz Cla-Class,200 Sport,1991,4,56,Petrol,11.04,11.04,1955 kg,1510 kg
Mercedes,Mercedes-Benz Cla-Class,200 Cdi Style,2143,4,56,Diesel,13.9,13.9,2005 kg,1570 kg
Mercedes,Mercedes-Benz Cla-Class,200 D Sport,2143,4,56,Diesel,13.9,13.9,2005 kg,1570 kg
Skoda,Kodiaq,Style 2.0 Tdi 4X4 At,1968,4,66,Diesel,15.1,15.1,2060 kg,1565 kg
Skoda,Kodiaq,Laurin And Klement,1968,4,66,Diesel,15.1,15.1,2060 kg,1565 kg
Skoda,Kodiaq,Corporate Edition,1968,4,66,Diesel,15.1,15.1,2060 kg,1565 kg
Dc,Avanti,Standard,2000,4,60,Petrol,8,8,1580 kg,1580 kg
Audi,Q3,30 Tdi Premium Fwd,1968,4,64,Diesel,12,12,2185 kg,1585 kg
Audi,Q3,35 Tdi Quattro Premium Plus,1968,4,64,Diesel,12,12,2185 kg,1685 kg
Audi,Q3,35 Tdi Quattro Technology,1968,4,64,Diesel,12,12,2185 kg,1585 kg
Audi,Q3,30 Tfsi Premium,1395,4,64,Petrol,12,12,2185 kg,1585 kg
Mini,Cooper 5 Door,Cooper D,1496,3,44,Petrol,10.3,10.3,,1295 kg
Mini,Convertible,Cooper S,1998,4,44,Petrol,14.59,14.59,,1370 kg
Volvo,Xc40,D4 Momentum,1969,5,54,Diesel,0,0,,
Volvo,Xc40,D4 Inscription,1969,5,54,Diesel,0,0,,
Volvo,Xc40,T4 R-Design,1969,5,54,Petrol,0,0,,
Mini,Clubman,Cooper S,1998,4,44,Petrol,12.3,12.3,,1960 kg
Audi,A4,Premium Plus 35 Tfsi,1395,4,54,Petrol,0,0,1945 kg,1450 kg
Audi,A4,Technology 35 Tfsi,1395,4,54,Petrol,0,0,1945 kg,1450 kg
Mini,John Cooper Works,Hatch,1998,4,44,Petrol,16.47,16.47,1710 kg,1330 kg
Jaguar,Xe,S Petrol,1997,4,61,Petrol,11,11,2150 kg,1639 kg
Jaguar,Xe,S Diesel,1999,4,56,Diesel,11,11,2190 kg,1611 kg
Jaguar,Xe,Se Diesel,1999,4,56,Diesel,11,11,2190 kg,1611 kg
Jaguar,Xe,Se Petrol,1997,4,61,Petrol,11,11,2150 kg,1639 kg
Jaguar,Xf,2.0 Prestige,1999,4,74,Petrol,5.7,5.7,2210 kg,1730 kg
Jaguar,Xf,2.0 Portfolio,1999,4,82,Petrol,5.7,5.7,2210 kg,1871 kg
Jaguar,Xf,2.0 Portfolio Diesel,1999,4,83,Diesel,5.7,5.7,2250 kg,1871 kg
Jaguar,Xf,2.0 Prestige Diesel,1999,4,66,Diesel,5.7,5.7,2250 kg,1729 kg
Jaguar,Xf,2.0 Pure Diesel,1999,4,66,Diesel,5.7,5.7,2250 kg,1687 kg
Audi,A3 Cabriolet,40 Tfsi,1395,4,50,Petrol,19.2,19.2,1930 kg,1430 kg
Audi,A6,Premium Plus 45 Tfsi,1984,4,73,Petrol,14.11,14.11,2345 kg,1780 kg
Audi,A6,Technology 45 Tfsi,1984,4,73,Petrol,14.11,14.11,2345 kg,1780 kg
Bmw,X3,Xdrive 20D Luxury Line,1995,4,67,Diesel,16,16,2300 kg,1785 kg
Bmw,X3,Xdrive 30I Luxury Line,1998,4,67,Petrol,16,16,2300 kg,1785 kg
Bmw,X3,Xdrive20D Xline,1995,4,67,Diesel,16,16,2300 kg,1785 kg
Land Rover,Discovery Sport,S,1999,4,70,Diesel,0,0,,2087 kg
Land Rover,Discovery Sport,R-Dynamic Se,1999,4,70,Diesel,0,0,,2087 kg
Volvo,S90,D4 Inscription,1969,4,55,Diesel,11.44,11.44,,
Audi,S5,Sportback,2995,6,58,Petrol,13.57,13.57,2230 kg,1790 kg
Bmw,X5,Xdrive30D Sport,2993,6,83,Diesel,13.38,13.38,,
Bmw,X5,Xdrive30D Xline,2993,6,83,Diesel,13.38,13.38,,
Bmw,X5,Xdrive40I M Sport,2998,6,83,Petrol,11.24,11.24,,
Ford,Mustang,Fastback V8,4951,8,60.9,Petrol,10,10,,
Jeep,Grand Cherokee,Limited,2987,6,93.5,Diesel,12.8,12.8,2955 kg,2432 kg
Jeep,Grand Cherokee,Summit,2987,6,93.5,Diesel,12.8,12.8,2955 kg,2455 kg
Jeep,Grand Cherokee,Srt,6417,8,93.5,Petrol,12.8,12.8,2949 kg,2458 kg
Jeep,Grand Cherokee,Summit Petrol,3604,6,93.5,Petrol,8.61,8.61,2955 kg,2455 kg
Mercedes,Mercedes-Benz E-Class Cabriolet,E400,2996,6,80,Petrol,4.5,4.5,2140 kg,1640 kg
Bmw,M2 Competition,Coupe,2979,6,52,Petrol,12.7,12.7,2010 kg,1625 kg
Porsche,718,Boxster,1988,4,54,Petrol,9,9,1650 kg,1440 kg
Porsche,718,Cayman,1988,4,54,Petrol,9,9,1650 kg,1440 kg
Mercedes,Mercedes-Benz Gls,350 Cdi,2987,6,100,Diesel,6.5,6.5,3250 kg,2535 kg
Mercedes,Mercedes-Benz Gls,63 Amg,5461,8,80,Petrol,9,9,2390 kg,2580 kg
Mercedes,Mercedes-Benz Gls,400 4Matic,2996,8,80,Petrol,9,9,2390 kg,2580 kg
Mercedes,Mercedes-Benz Gls,Grand Edition Petrol,2996,8,80,Petrol,9,9,2390 kg,2580 kg
Mercedes,Mercedes-Benz Gls,Grand Edition Diesel,2987,6,100,Diesel,6.5,6.5,3250 kg,2535 kg
Toyota,Land Cruiser Prado,Vx L,2982,4,87,Diesel,7,7,2990 kg,
Lexus,Rx 450H,450Hl Luxury,3456,6,65,Petrol,18.8,18.8,2840 kg,2195 kg
Audi,Rs5,Coupe,2894,8,58,Petrol,10.8,10.8,2155 kg,1770 kg
Bmw,7-Series,730Ld Design Pure Excellence,2993,6,78,Diesel,13.5,13.5,2560 kg,
Bmw,7-Series,730Ld Design Pure Excellence Signature,2993,6,78,Diesel,13.5,13.5,2560 kg,
Bmw,7-Series,730Ld M Sport,2993,6,78,Diesel,13.5,13.5,2560 kg,
Bmw,7-Series,740Li Design Pure Excellence Signature,2998,6,78,Petrol,11.86,11.86,2500 kg,
Bmw,7-Series,745Le Xdrive,2998,6,46,Hybrid,0,0,2705 kg,
Bmw,7-Series,M760Li Xdrive,6592,12,78,Petrol,7.96,7.96,2840 kg,
Audi,Q8,55 Tfsi Quattro Tiptronic,2995,4,85,Petrol,0,0,2830 kg,2115 kg
Mercedes,Mercedes-Benz S-Class,S 350 D,2987,6,90,Diesel,9,9,2690 kg,2132 kg
Mercedes,Mercedes-Benz S-Class,S 450,2996,6,70,Petrol,5.4,5.4,,2113 kg
Mercedes,Mercedes-Benz S-Class,Amg S 63 Coupe,3982,8,80,Petrol,5.4,5.4,2535 kg,2080 kg
Maserati,Levante,Diesel,2987,6,80,Diesel,5.2,5.2,2205 kg,
Maserati,Levante,Gransport,2979,6,80,Diesel,5.2,5.2,2109 kg,
Maserati,Levante,Granlusson,2979,6,80,Diesel,5.2,5.2,2109 kg,
Mercedes,Mercedes-Benz G-Class,Amg G 63,3982,8,96,Petrol,0,0,3200 kg,2560 kg
Mercedes,Mercedes-Benz G-Class,G 350D,2925,6,100,Diesel,0,0,3500 kg,2453 kg
Audi,A8 L,55 Tfsi Quattro,2995,8,82,Petrol,0,0,,2030 kg
Maserati,Granturismo,Sport,4691,8,86,Petrol,4.6,4.6,2250 kg,1880 kg
Maserati,Quattroporte,Granlusso,2987,6,70,Diesel,5.2,5.2,,1925 kg
Lexus,Lc 500H,Coupe,3456,6,82,Hybrid,0,0,2445 kg,1985 kg
Mercedes,Mercedes-Benz Maybach,S650,5980,12,80,Petrol,7.8,7.8,,2200 kg
Mercedes,Mercedes-Benz Maybach,S560,4663,8,80,Petrol,7.81,7.81,,2200 kg
Porsche,Panamera,Turbo,3996,8,90,Petrol,7.1,7.1,2585 kg,2045 kg
Porsche,Panamera,Turbo Executive,3996,8,90,Petrol,7.1,7.1,2635 kg,
Porsche,Panamera,Turbo Sport Turismo,3996,8,90,Petrol,7.1,7.1,2635 kg,
Lexus,Lx 450D,V8,4461,8,93,Diesel,18,18,3350 kg,2660 kg
Mercedes,Mercedes-Benz S-Class Cabriolet,S500,4663,8,80,Petrol,5.4,5.4,2590 kg,2115 kg
Audi,R8,V10 Plus,5204,10,75,Petrol,7.8,7.8,1895 kg,1670 kg
Lamborghini,Urus,V8,3996,8,75,Petrol,7.8,7.8,,2200 kg
Bentley,Continental Gt,Coupe,5998,12,90,Petrol,5.3,5.3,2750 kg,2320 kg
Ferrari,Portofino,V8 Convertible,3855,8,92,Petrol,6,6,,1730 kg
Bentley,Bentayga,W12,5950,12,85,Petrol,9.6,9.6,3250 kg,2422 kg
Bentley,Bentayga,V8,3996,12,85,Petrol,8.77,8.77,3250 kg,2428 kg
Aston Martin,Db 11,V12,5198,12,80,Petrol,6,6,,1680 kg
Ferrari,458 Speciale,Coupe,4497,8,86,Petrol,6,6,,1395 kg
Rolls-Royce,Rolls-Royce Ghost Series Ii,6.6,6593,12,82.5,Petrol,10.5,10.5,2940 kg,2490 kg
Rolls-Royce,Rolls-Royce Ghost Series Ii,Ewb,6592,12,82.5,Petrol,7.29,7.29,2940 kg,2490 kg
Rolls-Royce,Rolls-Royce Wraith,Coupe,6592,12,83,Petrol,4.7,4.7,2810 kg,2360 kg
Bentley,Mulsanne,Sedan,6752,8,90,Petrol,6.2,6.2,3200 kg,2685 kg
Rolls-Royce,Rolls-Royce Cullinan,Suv,6750,12,100,Petrol,22.4,22.4,2660 kg,2753 kg
Rolls-Royce,Rolls-Royce Phantom Coupe,6.8 L,6749,12,100,Petrol,10.2,10.2,3050 kg,2629 kg
Bugatti,Chiron,W16,7993,16,100,Petrol,5.95,5.95,,1995 kg
Bugatti,Chiron,Sport,7993,16,100,Petrol,5.95,5.95,,1995 kg
Bajaj,Qute (Re60),Qcar,216,1,8,Petrol,35,35,,
Bajaj,Qute (Re60),Qcar Cng,216,1,8,CNG,43,43,,
Maruti Suzuki,Alto,Std,796,3,35,Petrol,22.05,22.05,1185 kg,730 kg
Maruti Suzuki,Alto,Std (O),796,3,35,Petrol,22.05,22.05,1185 kg,732 kg
Maruti Suzuki,Alto,Lxi,796,3,35,Petrol,22.05,22.05,1185 kg,755 kg
Maruti Suzuki,Alto,Lxi (O),796,3,35,Petrol,22.05,22.05,1185 kg,757 kg
Maruti Suzuki,Alto,Vxi,796,3,35,Petrol,22.05,22.05,1185 kg,762 kg
Maruti Suzuki,Alto,Lxi Cng (Cng +,796,3,35,CNG + Petrol,22.05,22.05,1185 kg,755 kg
Maruti Suzuki,Alto,Lxi (O) Cng (Cng +,796,3,35,CNG + Petrol,22.05,22.05,1185 kg,757 kg
Maruti Suzuki,Alto,Vxi Plus,796,3,35,Petrol,22.05,22.05,1185 kg,762 kg
Maruti Suzuki,S-Presso,Std,998,3,27,Petrol,21.4,21.4,1170 kg,726 kg
Maruti Suzuki,S-Presso,Std (O),998,3,27,Petrol,21.4,21.4,1170 kg,726 kg
Maruti Suzuki,S-Presso,Lxi,998,3,27,Petrol,21.4,21.4,1170 kg,726 kg
Maruti Suzuki,S-Presso,Lxi (O),998,3,27,Petrol,21.4,21.4,1170 kg,726 kg
Maruti Suzuki,S-Presso,Vxi,998,3,27,Petrol,21.7,21.7,1170 kg,726 kg
Maruti Suzuki,S-Presso,Vxi (O),998,3,27,Petrol,21.7,21.7,1170 kg,726 kg
Maruti Suzuki,S-Presso,Vxi Ags,998,3,27,Petrol,21.7,21.7,1170 kg,726 kg
Maruti Suzuki,S-Presso,Vxi+,998,3,27,Petrol,21.7,21.7,1170 kg,726 kg
Maruti Suzuki,S-Presso,Vxi (O) Ags,998,3,27,Petrol,21.7,21.7,1170 kg,726 kg
Maruti Suzuki,S-Presso,Vxi+ Ags,998,3,27,Petrol,21.7,21.7,1170 kg,726 kg
Maruti Suzuki,Celerio,Lxi,998,3,35,Petrol,23,23,1250 kg,810 kg
Maruti Suzuki,Celerio,Vxi,998,3,35,Petrol,23,23,1250 kg,810 kg
Maruti Suzuki,Celerio,Vxi At,998,3,35,Petrol,23,23,1250 kg,810 kg
Maruti Suzuki,Celerio,Zxi,998,3,35,Petrol,23,23,1250 kg,810 kg
Maruti Suzuki,Celerio,Zxi (Opt),998,3,35,Petrol,23,23,1350 kg,810 kg
Maruti Suzuki,Celerio,Vxi Cng Mt,998,3,35,CNG,31.79,31.79,1250 kg,810 kg
Maruti Suzuki,Celerio,Zxi Ags,998,3,35,Petrol,23,23,1250 kg,830 kg
Maruti Suzuki,Celerio,Lxi Mt (O),998,3,35,Petrol,23,23,1250 kg,830 kg
Maruti Suzuki,Celerio,Vxi (O) Mt,998,3,35,Petrol,23,23,1250 kg,810 kg
Maruti Suzuki,Celerio,Vxi (O) Ags,998,3,35,Petrol,23,23,1250 kg,810 kg
Maruti Suzuki,Celerio,Zxi (O) Ags,998,3,35,Petrol,23,23,1250 kg,830 kg
Hyundai,Grand I10 Prime,Era T Crdi,1120,3,43,Diesel,24,24,,
Hyundai,Grand I10 Prime,Era T+ Crdi,1120,3,43,Diesel,24,24,,
Hyundai,Grand I10 Prime,Era T Vtvt,1197,4,43,Petrol,18.9,18.9,1042 kg,1003 kg
Hyundai,Grand I10 Prime,Era T+ Vtvt,1197,4,43,Petrol,18.9,18.9,1042 kg,1003 kg
Hyundai,Grand I10 Prime,Era T+ Cng Vtvt,1197,4,43,CNG,25,25,,935 kg
Hyundai,Grand I10 Prime,Era T Cng Vtvt,1197,4,43,CNG,25,25,,935 kg
Mahindra,Kuv100 Nxt,K2 6Str,1198,3,35,Petrol,15.5,15.5,,
Mahindra,Kuv100 Nxt,K2+ 6Str,1198,3,35,Petrol,15.5,15.5,,
Mahindra,Kuv100 Nxt,K2 D 6Str,1198,3,35,Diesel,22.25,22.25,,
Mahindra,Kuv100 Nxt,K2+ D 6Str,1198,3,35,Diesel,22.25,22.25,,
Mahindra,Kuv100 Nxt,K4+ D 6Str,1198,3,35,Diesel,22.25,22.25,,
Mahindra,Kuv100 Nxt,K4+ 6Str,1198,3,35,Petrol,15.5,15.5,,
Mahindra,Kuv100 Nxt,K6+ 6Str,1198,3,35,Petrol,15.5,15.5,,
Mahindra,Kuv100 Nxt,K6+ D 6Str,1198,3,35,Diesel,22.25,22.25,,
Mahindra,Kuv100 Nxt,K8 6Str,1198,3,35,Petrol,15.5,15.5,,
Mahindra,Kuv100 Nxt,K8 D 6Str,1198,3,35,Diesel,22.25,22.25,,
Mahindra,Kuv100 Nxt,K8 6 Str Dual Tone,1198,3,35,Petrol,15.5,15.5,,
Mahindra,Kuv100 Nxt,K8 D 6 Str Dual Tone,1198,3,35,Diesel,22.25,22.25,,
Mahindra,Kuv100 Nxt,K4+ 5Str,1198,3,35,Petrol,15.5,15.5,,
Mahindra,Kuv100 Nxt,K6+ 5Str,1198,3,35,Petrol,15.5,15.5,,
Mahindra,Kuv100 Nxt,K8 5Str,1198,3,35,Petrol,15.5,15.5,,
Mahindra,Kuv100 Nxt,K4+ D 5Str,1198,3,35,Diesel,22.25,22.25,,
Mahindra,Kuv100 Nxt,K6+ D 5Str,1198,3,35,Diesel,22.25,22.25,,
Mahindra,Kuv100 Nxt,K8 D 5Str,1198,3,35,Diesel,22.25,22.25,,
Mahindra,Kuv100 Nxt,K2 D 5Str Taxi,1198,3,35,Diesel,22.25,22.25,,
Mahindra,Kuv100 Nxt,K2 D 6Str Taxi,1198,3,35,Diesel,22.25,22.25,,
Mahindra,Kuv100 Nxt,K2 5Str Cng Taxi,1198,3,35,Petrol,15.5,15.5,,
Mahindra,Kuv100 Nxt,K2 6Str Cng Taxi,1198,3,35,Petrol,15.5,15.5,,
Maruti Suzuki,Swift,Lxi,1197,4,37,Petrol,12.6,12.6,1315 kg,855 kg
Maruti Suzuki,Swift,Vxi,1197,4,37,Petrol,20.4,20.4,1315 kg,863 kg
Maruti Suzuki,Swift,Vxi Amt,1197,4,37,Petrol,20.4,20.4,1315 kg,863 kg
Maruti Suzuki,Swift,Zxi,1197,4,37,Petrol,20.4,20.4,1315 kg,871 kg
Maruti Suzuki,Swift,Zxi Amt,1197,4,37,Petrol,20.4,20.4,1315 kg,871 kg
Maruti Suzuki,Swift,Zxi Plus,1197,4,37,Petrol,20.4,20.4,1315 kg,880 kg
Maruti Suzuki,Swift,Ldi,1248,4,37,Diesel,25.2,25.2,1405 kg,955 kg
Maruti Suzuki,Swift,Vdi,1248,4,37,Diesel,25.2,25.2,1405 kg,965 kg
Maruti Suzuki,Swift,Vdi Amt,1248,4,37,Diesel,25.2,25.2,1405 kg,965 kg
Maruti Suzuki,Swift,Zdi,1248,4,37,Diesel,25.2,25.2,1405 kg,975 kg
Maruti Suzuki,Swift,Zdi Amt,1248,4,37,Diesel,25.2,25.2,1405 kg,975 kg
Maruti Suzuki,Swift,Zdi Plus,1248,4,37,Diesel,25.2,25.2,1405 kg,985 kg
Maruti Suzuki,Swift,Zxi Plus Amt,1197,4,37,Petrol,20.4,20.4,1315 kg,880 kg
Maruti Suzuki,Swift,Zdi Plus Amt,1248,4,37,Diesel,25.2,25.2,1405 kg,985 kg
Tata,Altroz,Xe Petrol,1199,3,37,Petrol,18,18,,
Tata,Altroz,Xm Petrol,1199,3,37,Petrol,18,18,,
Tata,Altroz,Xt Petrol,1199,3,37,Petrol,18,18,,
Tata,Altroz,Xz Petrol,1199,3,37,Petrol,18,18,,
Tata,Altroz,Xz (O) Petrol,1199,3,37,Petrol,18,18,,
Tata,Altroz,Xe Diesel,1497,4,37,Diesel,25,25,,
Tata,Altroz,Xm Diesel,1497,4,37,Diesel,25,25,,
Tata,Altroz,Xt Diesel,1497,4,37,Diesel,25,25,,
Tata,Altroz,Xz Diesel,1497,4,37,Diesel,25,25,,
Tata,Altroz,Xz (O) Diesel,1497,4,37,Diesel,25,25,,
Icml,Extreme,Ld Di Non Ac 9 Seater Bsiii,1994,4,50,Diesel,8.6,8.6,2460 kg,1710 kg
Icml,Extreme,Ld Crdfi Non Ac 9 Seater Bsiv,1994,4,50,Diesel,8.6,8.6,2510 kg,1738 kg
Icml,Extreme,Ld Di Ps Ac 9 Seater Bsiii,1994,4,50,Diesel,8.6,8.6,2460 kg,1710 kg
Icml,Extreme,Ld Crdfi Ps Ac 9 Seater Bsiii,1994,4,50,Diesel,8.6,8.6,2510 kg,1738 kg
Icml,Extreme,Sd Di 9 Seater Bsiii,1994,4,50,Diesel,8.6,8.6,2460 kg,1710 kg
Icml,Extreme,Ld Crdfi Ps Ac 9 Seater Bsiv,1994,4,50,Diesel,8.6,8.6,2510 kg,1738 kg
Icml,Extreme,Vd Crdfi 7 Seater Bsiii,1994,4,50,Diesel,8.6,8.6,2460 kg,1710 kg
Icml,Extreme,Vd Di 7 Seater Bsiii,1994,4,50,Diesel,8.6,8.6,2460 kg,1710 kg
Icml,Extreme,Sd Crdfi 9 Seater Bsiv,1994,4,50,Diesel,8.6,8.6,2460 kg,1710 kg
Icml,Extreme,Vd Crdfi 7 Seater Bsiv,1994,4,50,Diesel,8.6,8.6,2460 kg,1710 kg
Icml,Extreme,Sd Crdfi 9 Seater Bsiii,1994,4,50,Diesel,8.6,8.6,2460 kg,1710 kg
Tata,Tigor,Revotron Xe,1199,3,35,Petrol,24.12,24.12,,992 kg
Tata,Tigor,Revotron Xm,1199,3,35,Petrol,24.12,24.12,,992 kg
Tata,Tigor,Revotron Xz,1199,3,35,Petrol,24.12,24.12,,992 kg
Tata,Tigor,Revotron Xz Plus,1199,3,35,Petrol,24.12,24.12,,992 kg
Tata,Tigor,Revotron Xma,1199,3,35,Petrol,24.12,24.12,,992 kg
Tata,Tigor,Revotron Xza Plus,1199,3,35,Petrol,24.12,24.12,,992 kg
Tata,Zest,Xe Petrol,1193,4,44,Petrol,13.2,13.2,1531 kg,1135 kg
Tata,Zest,Xe Diesel,1248,4,44,Diesel,19.2,19.2,1531 kg,1152 kg
Tata,Zest,Xm Petrol,1193,4,44,Petrol,13.2,13.2,1531 kg,1135 kg
Tata,Zest,Xms Petrol,1193,4,44,Petrol,13.2,13.2,1531 kg,1129 kg
Tata,Zest,Xt Petrol,1193,4,44,Petrol,13.2,13.2,1531 kg,1135 kg
Tata,Zest,Xm Diesel,1248,4,44,Diesel,19.2,19.2,1531 kg,1106 kg
Tata,Zest,Xms Diesel,1248,4,44,Diesel,19.2,19.2,1531 kg,1155 kg
Tata,Zest,Xt Diesel,1248,4,44,Diesel,19.2,19.2,1531 kg,1170 kg
Tata,Zest,Xma Diesel,1248,4,44,Diesel,19.2,19.2,1531 kg,1170 kg
Tata,Zest,Xta Diesel,1248,4,44,Diesel,19.2,19.2,1531 kg,1185 kg
Tata,Zest,Zest Premio Edition,1248,4,44,Diesel,19.2,19.2,1531 kg,1155 kg
Honda,Amaze,S Cvt Petrol,1199,4,35,Petrol,0,0,1075 kg,942 kg
Honda,Amaze,E Mt Diesel,1498,4,35,Diesel,0,0,1075 kg,993 kg
Honda,Amaze,E Mt Petrol,1199,4,35,Petrol,0,0,1075 kg,905 kg
Honda,Amaze,S Cvt Diesel,1498,4,35,Diesel,0,0,1075 kg,1031 kg
Honda,Amaze,V Cvt Petrol,1199,4,35,Petrol,0,0,1075 kg,945 kg
Honda,Amaze,V Cvt Diesel,1498,4,35,Diesel,0,0,1075 kg,1039 kg
Honda,Amaze,S Mt Diesel,1498,4,35,Diesel,0,0,1075 kg,1010 kg
Honda,Amaze,Vx Mt Diesel,1498,4,35,Diesel,0,0,1075 kg,1023 kg
Honda,Amaze,V Mt Diesel,1498,4,35,Diesel,0,0,1075 kg,1021 kg
Honda,Amaze,Vx Mt Petrol,1199,4,35,Petrol,0,0,1075 kg,924 kg
Honda,Amaze,V Mt Petrol,1199,4,35,Petrol,0,0,1075 kg,921 kg
Honda,Amaze,S Mt Petrol,1198,4,35,Petrol,0,0,1075 kg,917 kg
Honda,Amaze,Exclusive Edition Diesel,1498,4,35,Diesel,0,0,1075 kg,1023 kg
Honda,Amaze,Exclusive Edition Petrol,1199,4,35,Petrol,0,0,1075 kg,924 kg
Honda,Amaze,Vx Cvt Diesel,1498,4,35,Diesel,0,0,1075 kg,1023 kg
Honda,Amaze,Vx Cvt Petrol,1199,4,35,Petrol,0,0,1075 kg,924 kg
Honda,Amaze,Ace Edition Cvt Diesel,1498,4,35,Diesel,0,0,1075 kg,1023 kg
Honda,Amaze,Ace Edition Cvt Petrol,1199,4,35,Petrol,0,0,1075 kg,924 kg
Honda,Amaze,Ace Edition Mt Diesel,1498,4,35,Diesel,0,0,1075 kg,1023 kg
Honda,Amaze,Ace Edition Mt Petrol,1199,4,35,Petrol,0,0,1075 kg,924 kg
Maruti Suzuki,Gypsy,Hard Top,1298,4,40,Petrol,10.2,10.2,1585 kg,985 kg
Maruti Suzuki,Gypsy,Soft Top,1298,4,40,Petrol,10.2,10.2,1585 kg,985 kg
Hyundai,Venue,1.2 Kappa Mt E,1197,4,45,Petrol,0,0,,
Hyundai,Venue,1.0 Turbo Gdi Mt S,998,4,45,Petrol,0,0,,
Hyundai,Venue,1.4 Crdi Mt E,1397,4,45,Diesel,0,0,,
Hyundai,Venue,1.0 Turbo Gdi Mt Sx,998,4,45,Petrol,0,0,,
Hyundai,Venue,1.0 Turbo Gdi Mt Sx Dual Tone,998,4,45,Petrol,0,0,,
Hyundai,Venue,1.0 Turbo Gdi Mt Sx(O),998,4,45,Petrol,0,0,,
Hyundai,Venue,1.0 Turbo Gdi Dct S,998,4,45,Petrol,0,0,,
Hyundai,Venue,1.0 Turbo Gdi Dct Sx Plus,998,4,45,Petrol,0,0,,
Hyundai,Venue,1.2 Kappa Mt S,1197,4,45,Petrol,0,0,,
Hyundai,Venue,1.4 Crdi Mt S,1397,4,45,Diesel,0,0,,
Hyundai,Venue,1.4 Crdi Mt Sx,1397,4,45,Diesel,0,0,,
Hyundai,Venue,1.4 Crdi Mt Sx Dual Tone,1397,4,45,Diesel,0,0,,
Hyundai,Venue,1.4 Crdi Mt Sx(O),1397,4,45,Diesel,0,0,,
Tata,Nexon,Xe,1198,3,44,Petrol,0,0,,
Tata,Nexon,Xm,1198,3,44,Petrol,0,0,,
Tata,Nexon,Xz,1198,3,44,Petrol,0,0,,
Tata,Nexon,Xz Plus,1198,3,44,Petrol,0,0,,
Tata,Nexon,Xz Plus Dual Tone,1198,3,44,Petrol,0,0,,
Tata,Nexon,Xz Plus (O),1198,3,44,Petrol,0,0,,
Tata,Nexon,Xz Plus (O) Dual Tone,1198,3,44,Petrol,0,0,,
Tata,Nexon,Xma,1198,3,44,Petrol,0,0,,
Tata,Nexon,Xza Plus,1198,3,44,Petrol,0,0,,
Tata,Nexon,Xza Plus Dual Tone,1198,3,44,Petrol,0,0,,
Tata,Nexon,Xza Plus (O),1198,3,44,Petrol,0,0,,
Tata,Nexon,Xza Plus (O) Dual Tone,1198,3,44,Petrol,0,0,,
Tata,Nexon,Xe Diesel,1497,4,44,Diesel,0,0,,
Tata,Nexon,Xm Diesel,1497,4,44,Diesel,0,0,,
Tata,Nexon,Xz Diesel,1497,4,44,Diesel,0,0,,
Tata,Nexon,Xz Plus Diesel,1497,4,44,Diesel,0,0,,
Tata,Nexon,Xz Plus Diesel Dual Tone,1497,4,44,Diesel,0,0,,
Tata,Nexon,Xz Plus (O) Diesel,1497,4,44,Diesel,0,0,,
Tata,Nexon,Xz Plus (O) Diesel Dual Tone,1497,4,44,Diesel,0,0,,
Tata,Nexon,Xma Diesel,1497,4,44,Diesel,0,0,,
Tata,Nexon,Xza Plus Diesel,1497,4,44,Diesel,0,0,,
Tata,Nexon,Xza Plus Diesel Dual Tone,1497,4,44,Diesel,0,0,,
Tata,Nexon,Xza Plus (O) Diesel,1497,4,44,Diesel,0,0,,
Tata,Nexon,Xza Plus (O) Diesel Dual Tone,1497,4,44,Diesel,0,0,,
Fiat,Linea,Active Fire,1368,4,45,Petrol,11.3,11.3,1540 kg,1220 kg
Fiat,Linea,Active Multijet,1248,4,45,Diesel,17.2,17.2,1540 kg,1236 kg
Fiat,Linea,Dynamic Multijet,1248,4,45,Diesel,17.2,17.2,1540 kg,1255 kg
Fiat,Linea,Emotion Multijet,1248,4,45,Diesel,17.2,17.2,1540 kg,1268 kg
Fiat,Linea,T-Jet Emotion,1368,4,45,Petrol,11.3,11.3,,1258 kg
Mahindra,Bolero Power Plus,Zlx,1493,4,60,Diesel,12.4,12.4,,1615 kg
Mahindra,Bolero Power Plus,Slx,1493,4,60,Diesel,12.4,12.4,,1615 kg
Mahindra,Bolero Power Plus,Sle,1493,4,60,Diesel,12.4,12.4,,1615 kg
Mahindra,Bolero Power Plus,Lx,1493,4,60,Diesel,12.4,12.4,,1615 kg
Mahindra,Bolero Power Plus,Plus Ac Bs4 Ps,2523,4,60,Diesel,9.4,9.4,,1615 kg
Mahindra,Bolero Power Plus,Plus Non Ac Bs4 Ps,2523,4,60,Diesel,12.4,12.4,,1615 kg
Maruti Suzuki,Vitara Brezza,Ldi,1248,4,48,Diesel,20,20,1680 kg,1170 kg
Maruti Suzuki,Vitara Brezza,Vdi,1248,4,48,Diesel,20,20,1680 kg,1170 kg
Maruti Suzuki,Vitara Brezza,Zdi,1248,4,48,Diesel,20,20,1680 kg,1170 kg
Maruti Suzuki,Vitara Brezza,Zdi+,1248,4,48,Diesel,20,20,1680 kg,1170 kg
Maruti Suzuki,Vitara Brezza,Zdi+ Dual Tone,1248,4,48,Diesel,20,20,1680 kg,1170 kg
Maruti Suzuki,Vitara Brezza,Zdi+ Ags,1248,4,48,Diesel,20,20,1680 kg,1170 kg
Maruti Suzuki,Vitara Brezza,Vdi Ags,1248,4,48,Diesel,20,20,1680 kg,1170 kg
Maruti Suzuki,Vitara Brezza,Zdi Ags,1248,4,48,Diesel,20,20,1680 kg,1170 kg
Maruti Suzuki,Vitara Brezza,Zdi+ Dual Tone Ags,1248,4,48,Diesel,20,20,1680 kg,1170 kg
Hyundai,I20 Active,1.2 S,1197,4,40,Petrol,15,15,1170 kg,
Hyundai,I20 Active,1.2 Sx,1197,4,40,Petrol,15,15,1170 kg,
Hyundai,I20 Active,1.2 Sx Dual Tone,1197,4,40,Petrol,15,15,1170 kg,
Hyundai,I20 Active,1.4 Sx,1396,4,40,Diesel,21.19,21.19,1170 kg,
Ford,Ecosport,1.5L Ti-Vct Ambiente,1497,3,52,Petrol,0,0,1660 kg,1220 kg
Ford,Ecosport,1.5L Ti-Vct Trend,1497,3,52,Petrol,0,0,1660 kg,1225 kg
Ford,Ecosport,1.5L Ti-Vct Titanium,1497,3,52,Petrol,0,0,1660 kg,1242 kg
Ford,Ecosport,1.5L Ti-Vct Titanium Plus At,1497,3,52,Petrol,0,0,1705 kg,1320 kg
Ford,Ecosport,1.5L Tdci Ambiente,1498,4,52,Diesel,0,0,1690 kg,1261 kg
Ford,Ecosport,1.5L Tdci Trend,1498,4,52,Diesel,0,0,1690 kg,1268 kg
Ford,Ecosport,1.5L Tdci Titanium,1498,4,52,Diesel,0,0,1690 kg,1300 kg
Ford,Ecosport,1.5L Tdci Titanium Plus,1498,4,52,Diesel,0,0,1690 kg,1304 kg
Ford,Ecosport,1.5L Ti-Vct Titanium Plus,1497,4,52,Petrol,0,0,1690 kg,1304 kg
Ford,Ecosport,1.5L Tdci Titanium S,1498,3,52,Diesel,0,0,1660 kg,1242 kg
Ford,Ecosport,1.5L Ti-Vct Thunder Edition,1497,4,52,Petrol,0,0,1690 kg,1304 kg
Ford,Ecosport,1.5L Tdci Thunder Edition,1498,4,52,Diesel,0,0,1690 kg,1304 kg
Renault,Duster,Rxe Petrol,1498,4,50,Petrol,10.2,10.2,1777 kg,1296 kg
Renault,Duster,Rxs Petrol,1498,4,50,Petrol,10,10,1813 kg,1296 kg
Renault,Duster,Rxs (Opt) Cvt,1498,4,50,Petrol,10,10,1813 kg,1296 kg
Renault,Duster,85 Ps Rxe Mt Diesel,1461,4,50,Diesel,16,16,1777 kg,1296 kg
Renault,Duster,85 Ps Rxs Mt Diesel,1461,4,50,Diesel,16,16,1777 kg,1296 kg
Renault,Duster,110 Ps Rxs Mt Diesel,1461,4,50,Diesel,16,16,1813 kg,1296 kg
Renault,Duster,110 Ps Rxz Mt Diesel,1461,4,50,Diesel,16,16,1813 kg,1296 kg
Renault,Duster,110 Ps Rxz Amt Diesel,1461,4,50,Diesel,16,16,1813 kg,1296 kg
Renault,Duster,110 Ps Rxs Awd (Opt) Diesel,1461,4,50,Diesel,16,16,1813 kg,1296 kg
Hyundai,Verna,1.6 Vtvt Sx,1591,4,45,Petrol,0,0,,
Hyundai,Verna,1.6 Crdi Sx,1582,4,45,Diesel,19.9,19.9,,
Hyundai,Verna,1.6 Crdi Sx (O),1582,4,45,Diesel,19.9,19.9,,
Hyundai,Verna,1.6 Vtvt Sx (O),1591,4,45,Petrol,0,0,,
Hyundai,Verna,1.6 Crdi Sx Plus At,1582,4,45,Diesel,14,14,,
Hyundai,Verna,1.6 Vtvt Sx(O) At,1591,4,45,Petrol,0,0,,
Hyundai,Verna,1.4 Vtvt Ex,1396,4,45,Petrol,0,0,,
Hyundai,Verna,1.4 Vtvt E,1396,4,45,Petrol,0,0,,
Hyundai,Verna,1.6 Vtvt Sx (O) Anniversary Edition,1591,4,45,Petrol,0,0,,
Hyundai,Verna,1.6 Vtvt Sx Plus At,1591,4,45,Petrol,0,0,,
Hyundai,Verna,1.6 Crdi Sx(O) At,1582,4,45,Diesel,14,14,,
Hyundai,Verna,1.4 Crdi E,1396,4,45,Diesel,0,0,,
Hyundai,Verna,1.4 Crdi Ex,1396,4,45,Diesel,0,0,,
Mahindra,Xuv300,1.2 W4,1197,4,42,Petrol,0,0,,
Mahindra,Xuv300,1.2 W6,1197,4,42,Petrol,0,0,,
Mahindra,Xuv300,1.2 W8,1197,4,42,Petrol,0,0,,
Mahindra,Xuv300,1.2 W8(O),1197,4,42,Petrol,0,0,,
Mahindra,Xuv300,1.5 W4,1497,4,42,Diesel,0,0,,
Mahindra,Xuv300,1.5 W6,1497,4,42,Diesel,0,0,,
Mahindra,Xuv300,1.5 W8,1497,4,42,Diesel,0,0,,
Mahindra,Xuv300,1.5 W8 (O),1497,4,42,Diesel,0,0,,
Mahindra,Xuv300,1.5 W8 Amt,1497,4,42,Diesel,0,0,,
Mahindra,Xuv300,1.5 W8 (O) Amt,1497,4,42,Diesel,0,0,,
Mahindra,Xuv300,1.5 W6 Amt,1497,4,42,Diesel,0,0,,
Renault,Lodgy,85 Ps Std,1461,4,50,Diesel,21.04,21.04,1338 kg,1299 kg
Renault,Lodgy,85 Ps Rxe 8 Seater,1461,4,50,Diesel,21.04,21.04,1338 kg,1299 kg
Renault,Lodgy,Stepway Rxz 110Ps 8-Seater,1461,4,50,Diesel,21.04,21.04,,1338 kg
Renault,Lodgy,Stepway Rxz 110Ps 7-Seater,1461,4,50,Diesel,21.04,21.04,,1368 kg
Renault,Lodgy,Stepway Rxl 85Ps 8-Seater,1461,4,50,Diesel,21.04,21.04,1338 kg,1299 kg
Renault,Lodgy,Stepway Rxz 85Ps 8-Seater,1461,4,50,Diesel,21.04,21.04,1338 kg,1299 kg
Renault,Lodgy,85 Ps Rxe 7 Seater,1461,4,50,Diesel,21.04,21.04,1338 kg,1299 kg
Volkswagen,Vento,Trendline 1.6 (P),1598,4,55,Petrol,12.1,12.1,1680 kg,1140 kg
Volkswagen,Vento,Highline 1.6 (P),1598,4,55,Petrol,0,0,1680 kg,1140 kg
Volkswagen,Vento,Comfortline 1.6 (P),1598,4,55,Petrol,0,0,1680 kg,1137 kg
Volkswagen,Vento,Highline 1.2 (P) Dsg,1197,4,55,Petrol,0,0,1720 kg,1179 kg
Volkswagen,Vento,Highline Plus 1.2 (P) Dsg,1197,4,55,Petrol,0,0,1720 kg,1174 kg
Volkswagen,Vento,Trendline 1.5 (D),1498,4,55,Diesel,0,0,1750 kg,1193 kg
Volkswagen,Vento,Comfortline 1.5 (D),1498,4,55,Diesel,0,0,1750 kg,1208 kg
Volkswagen,Vento,Highline 1.5 (D),1498,4,55,Diesel,0,0,1750 kg,1211 kg
Volkswagen,Vento,Highline 1.5 (D) Dsg,1498,4,55,Diesel,0,0,1770 kg,1211 kg
Volkswagen,Vento,Highline Plus 1.5 (D) Dsg,1498,4,55,Diesel,0,0,1750 kg,1211 kg
Volkswagen,Vento,Gt Line (D),1498,4,45,Diesel,19,19,1620 kg,1148 kg
Volkswagen,Vento,Gt Line (P) Dsg,1197,4,45,Petrol,17,17,1580 kg,1109 kg
Mahindra,E2O Plus,P4,0,2,45,Electric,80,80,1257 kg,937 kg
Mahindra,E2O Plus,P6,0,2,45,Electric,80,80,1257 kg,937 kg
Tata,Tigor Ev,Xm+,0,3,35,Electric,0,0,,
Tata,Tigor Ev,Xt+,0,3,35,Electric,0,0,,
Tata,Tigor Ev,Xe+,0,3,35,Electric,0,0,,
Honda,Brv,E Petrol,1497,4,42,Petrol,12,12,,1199 kg
Honda,Brv,S Petrol,1497,4,42,Petrol,12,12,,1217 kg
Honda,Brv,V Petrol,1497,4,42,Petrol,12,12,,1225 kg
Honda,Brv,Vx Petrol,1497,4,42,Petrol,12,12,,1235 kg
Honda,Brv,V Cvt Petrol,1497,4,42,Petrol,12,12,,1238 kg
Honda,Brv,S Diesel,1498,4,42,Diesel,16.2,16.2,,1289 kg
Honda,Brv,V Diesel,1498,4,42,Diesel,16.2,16.2,,1301 kg
Honda,Brv,Vx Diesel,1498,4,42,Diesel,16.2,16.2,,1306 kg
Mahindra,Thar,Crde,2498,4,60,Diesel,0,0,,1750 kg
Mahindra,Thar,700 Special Edition,2498,4,60,Diesel,0,0,,1750 kg
Mahindra,Thar,Crde Abs,2498,4,60,Diesel,0,0,,1750 kg
Force,Gurkha,Xpedition 5 Door,2596,4,63,Diesel,14,14,2775 kg,
Force,Gurkha,Xplorer 3 Door,2596,4,63,Diesel,14,14,2510 kg,
Force,Gurkha,Xtreme,2149,4,63,Diesel,0,0,,
Force,Gurkha,Xtreme Abs,2149,4,63,Diesel,0,0,,
Force,Gurkha,Xpedition 3 Door,2596,4,63,Diesel,14,14,2775 kg,
Force,Gurkha,Xplorer 5 Door,2596,4,63,Diesel,14,14,2510 kg,
Maruti Suzuki,Xl6,Zeta Mt,1462,4,45,Petrol,0,0,1730 kg,1180 kg
Maruti Suzuki,Xl6,Alpha Mt,1462,4,45,Petrol,0,0,1730 kg,1180 kg
Maruti Suzuki,Xl6,Zeta At,1462,4,45,Petrol,0,0,1730 kg,1180 kg
Maruti Suzuki,Xl6,Alpha At,1462,4,45,Petrol,0,0,1730 kg,1180 kg
Fiat,Abarth Avventura,1.4 T-Jet,1368,4,45,Petrol,17,17,,
Mahindra,Tuv300 Plus,P4,2179,3,60,Diesel,18.49,18.49,2410 kg,
Mahindra,Tuv300 Plus,P6,2179,3,60,Diesel,18.49,18.49,2410 kg,
Mahindra,Tuv300 Plus,P8,2179,3,60,Diesel,18.49,18.49,2410 kg,
Mahindra,Marazzo,M2 7 Str,1497,4,45,Diesel,0,0,,
Mahindra,Marazzo,M4 7 Str,1497,4,45,Diesel,0,0,,
Mahindra,Marazzo,M6 7 Str,1497,4,45,Diesel,0,0,,
Mahindra,Marazzo,M8 7 Str,1497,4,45,Diesel,0,0,,
Mahindra,Marazzo,M2 8 Str,1497,4,45,Diesel,0,0,,
Mahindra,Marazzo,M4 8 Str,1497,4,45,Diesel,0,0,,
Mahindra,Marazzo,M6 8 Str,1497,4,45,Diesel,0,0,,
Mahindra,Marazzo,M8 8 Str,1497,4,45,Diesel,0,0,,
Mahindra,Scorpio,S3 2Wd,2523,4,60,Diesel,11.5,11.5,2510 kg,
Mahindra,Scorpio,4Wd Getaway,2179,4,80,Diesel,8.1,8.1,2610 kg,1865 kg
Mahindra,Scorpio,2Wd Getaway,2179,4,80,Diesel,9.4,9.4,2650 kg,2510 kg
Mahindra,Scorpio,S5 2Wd,2179,4,60,Diesel,11.5,11.5,2510 kg,
Mahindra,Scorpio,S7 120 2Wd,2179,4,60,Diesel,11.5,11.5,2510 kg,
Mahindra,Scorpio,S7 140 2Wd,2179,4,60,Diesel,11.5,11.5,2510 kg,
Mahindra,Scorpio,S11 2Wd,2179,4,60,Diesel,11.5,11.5,2510 kg,
Mahindra,Scorpio,S11 4Wd,2179,4,60,Diesel,11.5,11.5,2610 kg,
Mahindra,Scorpio,S9 2Wd,2179,4,60,Diesel,11.5,11.5,2510 kg,
Skoda,Monte Carlo,Monte Carlo 1.5 Tdi At,1498,4,55,Diesel,18,18,1770 kg,1228 kg
Skoda,Monte Carlo,Monte Carlo 1.6 Mpi At,1598,4,55,Petrol,12,12,1710 kg,1187 kg
Skoda,Monte Carlo,Monte Carlo 1.5 Tdi Mt,1498,4,55,Diesel,18,18,1750 kg,1210 kg
Skoda,Monte Carlo,Monte Carlo 1.6 Mpi Mt,1598,4,55,Petrol,12,12,1680 kg,1137 kg
Mahindra,Xuv500,G At,2179,4,70,Petrol,0,0,2510 kg,1785 kg
Mahindra,Xuv500,W7,2179,4,70,Diesel,16,16,2450 kg,1785 kg
Mahindra,Xuv500,W7 At,2179,4,70,Diesel,16,16,2510 kg,1785 kg
Mahindra,Xuv500,W9,2179,4,70,Diesel,16,16,2510 kg,1785 kg
Mahindra,Xuv500,W9 At,2179,4,70,Diesel,16,16,2510 kg,1785 kg
Mahindra,Xuv500,W11,2179,4,70,Diesel,16,16,2510 kg,1785 kg
Mahindra,Xuv500,W11 At,2179,4,70,Diesel,16,16,2510 kg,1785 kg
Mahindra,Xuv500,W11 (O),2179,4,70,Diesel,16,16,2510 kg,1785 kg
Mahindra,Xuv500,W11 (O) At,2179,4,70,Diesel,16,16,2510 kg,1785 kg
Mahindra,Xuv500,G At,2179,4,70,Petrol,0,0,2510 kg,1785 kg
Mahindra,Xuv500,W7,2179,4,70,Diesel,16,16,2450 kg,1785 kg
Mahindra,Xuv500,W7 At,2179,4,70,Diesel,16,16,2510 kg,1785 kg
Mahindra,Xuv500,W9,2179,4,70,Diesel,16,16,2510 kg,1785 kg
Mahindra,Xuv500,W9 At,2179,4,70,Diesel,16,16,2510 kg,1785 kg
Mahindra,Xuv500,W11,2179,4,70,Diesel,16,16,2510 kg,1785 kg
Mahindra,Xuv500,W11 At,2179,4,70,Diesel,16,16,2510 kg,1785 kg
Mahindra,Xuv500,W11 (O),2179,4,70,Diesel,16,16,2510 kg,1785 kg
Mahindra,Xuv500,W11 (O) At,2179,4,70,Diesel,16,16,2510 kg,1785 kg
Mahindra,Xuv500,W11 (O) Awd,2179,4,70,Diesel,16,16,2510 kg,1785 kg
Mahindra,Xuv500,W11 (O) Awd At,2179,4,70,Diesel,16,16,2510 kg,1785 kg
Mahindra,Xuv500,W3,2179,4,70,Diesel,16,16,2510 kg,1785 kg
Mahindra,E Verito,D4,72,4,0,Electric,110,110,1700 kg,
Mahindra,E Verito,D2,72,4,0,Electric,110,110,1700 kg,
Mahindra,E Verito,D6,72,4,0,Electric,110,110,1700 kg,
Tata,Hexa,Xm Plus 4X2,2179,4,60,Diesel,14,14,,2280 kg
Tata,Hexa,Xt 4X4,2179,4,60,Diesel,14,14,,2280 kg
Tata,Hexa,Xta 4X2,2179,4,60,Diesel,14,14,,2280 kg
Tata,Hexa,Xt 4X2,2179,4,60,Diesel,14,14,,2280 kg
Tata,Hexa,Xe 4X2,2179,4,60,Diesel,14,14,,2280 kg
Tata,Hexa,Xm 4X2,2179,4,60,Diesel,14,14,,2280 kg
Tata,Hexa,Xma 4X2,2179,4,60,Diesel,14,14,,2280 kg
Toyota,Innova Crysta,2.4 Gx 7 Str,2393,4,55,Diesel,12,12,2430 kg,1805 kg
Toyota,Innova Crysta,2.4 Vx 7 Str,2393,4,55,Diesel,12,12,2430 kg,1815 kg
Toyota,Innova Crysta,2.4 Gx 8 Str,2393,4,55,Diesel,12,12,2480 kg,1825 kg
Toyota,Innova Crysta,2.4 Vx 8 Str,2393,4,55,Diesel,12,12,2460 kg,1820 kg
Toyota,Innova Crysta,2.4 Zx 7 Str,2393,4,55,Diesel,12,12,2450 kg,1870 kg
Toyota,Innova Crysta,2.7 Gx At 8 Str,2694,4,55,Petrol,11.2,11.2,2480 kg,1825 kg
Toyota,Innova Crysta,2.7 Gx At 7 Str,2694,4,55,Petrol,11.2,11.2,2480 kg,1825 kg
Toyota,Innova Crysta,2.7 Zx At 7 Str,2393,4,55,Petrol,11.2,11.2,2450 kg,1870 kg
Toyota,Innova Crysta,2.7 Vx 7 Str,2393,4,55,Petrol,11.2,11.2,2430 kg,1815 kg
Toyota,Innova Crysta,2.7 Gx Mt 7 Str,2755,4,55,Petrol,11.2,11.2,2480 kg,1825 kg
Toyota,Innova Crysta,2.7 Gx Mt 8 Str,2755,4,55,Petrol,11.2,11.2,2480 kg,1825 kg
Toyota,Innova Crysta,Touring Sport 2.4 Vx 7 Str,2393,4,55,Diesel,12,12,2430 kg,1828 kg
Toyota,Innova Crysta,Touring Sport 2.7 Vx 7 Str,2393,4,55,Petrol,11.2,11.2,2430 kg,1815 kg
Toyota,Innova Crysta,Touring Sport 2.7 Zx At 7 Str,2694,4,55,Petrol,11.2,11.2,2450 kg,1870 kg
Toyota,Innova Crysta,2.4 G Plus 7 Str,2393,4,55,Diesel,12,12,2430 kg,1805 kg
Toyota,Innova Crysta,2.4 G Plus 8 Str,2393,4,55,Diesel,12,12,2480 kg,1825 kg
Jeep,Compass,1.4 Limited At,1368,6,60,Petrol,0,0,,1562 kg
Jeep,Compass,1.4 Sport,1368,6,60,Petrol,0,0,,1537 kg
Jeep,Compass,1.4 Limited (O) At,1368,6,60,Petrol,0,0,,1562 kg
Jeep,Compass,2.0 Sport,1956,6,60,Diesel,0,0,,1537 kg
Jeep,Compass,2.0 Longitude,1956,6,60,Diesel,0,0,,1551 kg
Jeep,Compass,2.0 Longitude (O),1956,6,60,Diesel,0,0,,1551 kg
Jeep,Compass,2.0 Limited,1956,6,60,Diesel,0,0,,1562 kg
Jeep,Compass,2.0 Limited (O),1956,6,60,Diesel,0,0,,1562 kg
Jeep,Compass,2.0 Limited 4X4,1956,6,60,Diesel,0,0,,1641 kg
Jeep,Compass,2.0 Limited (O) 4X4,1956,6,60,Diesel,0,0,,1641 kg
Jeep,Compass,1.4 Limited Plus At Petrol,1368,6,60,Petrol,0,0,,1562 kg
Jeep,Compass,2.0 Limited Plus 4X2 Diesel,1956,6,60,Diesel,0,0,,1562 kg
Jeep,Compass,2.0 Limited Plus 4X4 Diesel,1956,6,60,Diesel,0,0,,1641 kg
Jeep,Compass,2.0 Sport Plus,1956,6,60,Diesel,0,0,,1537 kg
Jeep,Compass,1.4 Sport Plus,1368,6,60,Petrol,0,0,,1537 kg
Jeep,Compass,1.4 Longitude (O) At,1368,6,60,Petrol,0,0,,1562 kg
Jeep,Compass,1.4 Limited (O) At Petrol Black Pack,1368,6,60,Petrol,0,0,,1562 kg
Jeep,Compass,2.0 Limited (O) Black Pack,1956,6,60,Diesel,0,0,,1562 kg
Jeep,Compass,2.0 Limited (O) 4X4 Black Pack,1956,6,60,Diesel,0,0,,1641 kg
Jeep,Compass,2.0 Limited Plus 4X4 At,1956,6,60,Diesel,0,0,,1562 kg
Jeep,Compass,2.0 Longitude 4X4 At,1956,6,60,Diesel,0,0,,1551 kg
Toyota,Corolla Altis,G Petrol,1798,4,55,Petrol,9.5,9.5,1660 kg,1220 kg
Toyota,Corolla Altis,G At Petrol,1798,4,55,Petrol,9.5,9.5,1680 kg,1260 kg
Toyota,Corolla Altis,Gl Petrol,1798,4,55,Petrol,9.5,9.5,1695 kg,1280 kg
Toyota,Corolla Altis,Gl Diesel,1364,4,43,Diesel,18.2,18.2,1670 kg,1270 kg
Toyota,Corolla Altis,G Diesel,1364,4,43,Diesel,18.4,18.4,1670 kg,1230 kg
Toyota,Corolla Altis,Vl At Petrol,1798,4,55,Petrol,9.5,9.5,1710 kg,1310 kg
Honda,Civic,1.8 V Cvt,1799,4,47,Petrol,0,0,,1268 kg
Honda,Civic,1.8 Vx Cvt,1799,4,47,Petrol,0,0,,1275 kg
Honda,Civic,1.8 Zx Cvt,1799,4,47,Petrol,0,0,,1300 kg
Honda,Civic,1.6 Vx Mt,1597,4,47,Diesel,0,0,,1325 kg
Honda,Civic,1.6 Zx Mt,1597,4,47,Diesel,0,0,,1353 kg
Mg,Zs Ev,Excite,0,0,0,Electric,0,0,,
Mg,Zs Ev,Exclusive,0,0,0,Electric,0,0,,
Kia,Carnival,Premium 7 Str,2199,4,60,Diesel,0,0,,
Kia,Carnival,Premium 8 Str,2199,4,60,Diesel,0,0,,
Kia,Carnival,Prestige 7 Str,2199,4,60,Diesel,0,0,,
Kia,Carnival,Prestige 9 (6+3) Str,2199,4,60,Diesel,0,0,,
Kia,Carnival,Limousine 7 Str,2199,4,60,Diesel,0,0,,
Skoda,Superb,Style 1.8 Tsi Mt,1798,4,66,Petrol,10.6,10.6,2010 kg,1449 kg
Skoda,Superb,Style 1.8 Tsi At,1798,4,66,Petrol,10.1,10.1,2030 kg,1540 kg
Skoda,Superb,L & K 1.8 Tsi At,1798,4,66,Petrol,11.3,11.3,2030 kg,1540 kg
Skoda,Superb,L & K 2.0 Tdi At,1968,4,66,Diesel,15.1,15.1,2060 kg,1565 kg
Skoda,Superb,Style 2.0 Tdi At,1968,4,66,Diesel,15.1,15.1,2060 kg,1565 kg
Skoda,Superb,Corporate Edition 1.8 Tsi At,1798,4,66,Petrol,10.1,10.1,2030 kg,1540 kg
Skoda,Superb,Corporate Edition 2.0 Tdi At,1968,4,66,Diesel,15.1,15.1,2060 kg,1565 kg
Volvo,V40,Kinetic,1984,5,60,Diesel,16.8,16.8,2020 kg,1500 kg
Volvo,V40,R Design,1984,5,60,Diesel,16.8,16.8,2020 kg,1500 kg
Toyota,Fortuner,2.8 4X2 At,2755,4,80,Diesel,12.55,12.55,2610 kg,1970 kg
Toyota,Fortuner,2.8 4X2 Mt,2755,4,80,Diesel,12.55,12.55,2610 kg,1970 kg
Toyota,Fortuner,2.8 4X4 Mt,2755,4,80,Diesel,12.55,12.55,2735 kg,
Toyota,Fortuner,2.8 4X4 At,2755,4,80,Diesel,12.55,12.55,2735 kg,
Toyota,Fortuner,2.7 4X2 At,2694,4,80,Petrol,7.8,7.8,2500 kg,
Toyota,Fortuner,2.7 4X2 Mt,2694,4,80,Petrol,7.8,7.8,2500 kg,
Toyota,Fortuner,Trd Celebratory Edition,2755,4,80,Diesel,12.55,12.55,2610 kg,1970 kg
Ford,Endeavour,3.2L 4X4 At Titanium Plus,3198,5,80,Diesel,7.7,7.7,,2394 kg
Ford,Endeavour,2.2L 4X2 At Titanium Plus,2198,4,80,Diesel,9.3,9.3,,2238 kg
Ford,Endeavour,2.2L 4X2 Mt Titanium,2198,4,80,Diesel,9.3,9.3,,2238 kg
Mini,Cooper 3 Door,Cooper D,1496,3,44,Diesel,0,0,,1245 kg
Mini,Cooper 3 Door,Cooper S,1998,4,44,Petrol,0,0,,1250 kg
Skoda,Kodiaq Scout,2.0 Tdi At,1968,4,63,Diesel,0,0,,1799 kg
Bmw,X1,Sdrive20D Expedition,1995,4,51,Diesel,18,18,,
Bmw,X1,Sdrive20D Xline,1995,4,51,Diesel,18,18,,
Bmw,X1,Xdrive20D M Sport,1995,4,51,Diesel,18,18,,
Bmw,X1,Sdrive20D M Sport,1995,4,61,Diesel,0,0,2000 kg,1670 kg
Bmw,X1,Sdrive20I Xline,1998,4,51,Petrol,15.71,15.71,,
Volvo,S60,Polestar,1969,4,67,Petrol,13.2,13.2,2110 kg,1661 kg
Volvo,S60,Momentum,1984,5,67.5,Diesel,0,0,2110 kg,1665 kg
Bmw,3-Series,320D Sport,1995,4,40,Diesel,0,0,,1590 kg
Bmw,3-Series,320D Luxury Line,1995,4,40,Diesel,0,0,,1590 kg
Bmw,3-Series,330I M Sport,1998,4,59,Petrol,0,0,,1595 kg
Volvo,S60 Cross Country,D4,2400,5,67,Diesel,15.6,15.6,,1776 kg
Audi,Q5,35 Tdi Premium Plus,1968,4,64,Diesel,12,12,2185 kg,1585 kg
Audi,Q5,35 Tdi Technology,1968,4,64,Diesel,12,12,2185 kg,1585 kg
Audi,Q5,45 Tfsi Premium Plus,1984,6,70,Petrol,0,0,2205 kg,1955 kg
Audi,Q5,45 Tfsi Technology,1984,6,70,Petrol,0,0,2205 kg,1955 kg
Land Rover Rover,Range Evoque,S,1999,4,67,Diesel,0,0,2450 kg,1915 kg
Land Rover Rover,Range Evoque,Se R-Dynamic,1999,4,67,Diesel,0,0,2450 kg,1915 kg
Land Rover Rover,Range Evoque,S Petrol,1997,4,67,Petrol,0,0,2430 kg,1929 kg
Land Rover Rover,Range Evoque,Se R-Dynamic Petrol,1997,4,67,Petrol,0,0,2430 kg,1929 kg
Mercedes,Mercedes-Benz E-Class,E200,1991,4,80,Petrol,8.5,8.5,,
Mercedes,Mercedes-Benz E-Class,E350 D,2987,6,80,Diesel,7.45,7.45,,
Mercedes,Mercedes-Benz E-Class,E220D,2987,6,80,Diesel,0,0,,
Mercedes,Mercedes-Benz E-Class,E 63 S Amg,5461,8,80,Petrol,4.5,4.5,2390 kg,1845 kg
Mercedes,Mercedes-Benz E-Class,E200 Expression,1991,4,80,Petrol,8.5,8.5,,
Mercedes,Mercedes-Benz E-Class,E200 Exclusive,1991,4,80,Petrol,8.5,8.5,,
Mercedes,Mercedes-Benz E-Class,E220D Expression,2987,6,80,Diesel,0,0,,
Mercedes,Mercedes-Benz E-Class,E220D Exclusive,2987,6,80,Diesel,0,0,,
Volvo,Xc60,Inscription D5,1969,5,70,Diesel,11.7,11.7,,1879 kg
Bmw,X4,Xdrive20D M Sport X,1995,4,60,Diesel,0,0,,1740 kg
Bmw,X4,Xdrive30D M Sport X,2993,6,68,Diesel,0,0,,1820 kg
Bmw,X4,Xdrive30I M Sport X,1998,6,68,Petrol,0,0,,1820 kg
Jeep,Wrangler,Unlimited,1999,4,85,Petrol,17.5,17.5,,
Mercedes,Mercedes-Benz C-Class Cabriolet,C300,1991,4,60,Petrol,0,0,2200 kg,
Bmw,Z4 Roadster,Sdrive 20I,1998,4,52,Petrol,0,0,1740 kg,1495 kg
Bmw,Z4 Roadster,M 40I,2998,6,52,Petrol,0,0,1860 kg,1610 kg
Mercedes,Mercedes-Benz V-Class,Expression Elwb,2143,4,93,Diesel,0,0,3100 kg,
Mercedes,Mercedes-Benz V-Class,Exclusive Lwb,2143,4,93,Diesel,0,0,3100 kg,
Mercedes,Mercedes-Benz V-Class,Elite,1950,4,70,Diesel,0,0,,
Audi,Q7,45 Tdi Premium Plus,2967,6,75,Diesel,9.3,9.3,2925 kg,2330 kg
Audi,Q7,45 Tdi Technology Pack,2967,6,75,Diesel,9.3,9.3,2925 kg,2330 kg
Audi,Q7,40 Tfsi Quattro Premium Plus,1984,6,75,Petrol,0,0,2925 kg,2330 kg
Audi,Q7,40 Tfsi Quattro Technology Pack,1984,6,75,Petrol,0,0,2925 kg,2330 kg
Audi,Q7,45 Tdi Black Styling,2967,6,75,Diesel,9.3,9.3,2925 kg,2330 kg
Audi,Q7,40 Tfsi Quattro Black Styling,1984,6,75,Petrol,0,0,2925 kg,2330 kg
Land Rover Rover,Range Evoque Convertible,2.0 Hse Dynamic,1998,4,67,Petrol,15.68,15.68,2410 kg,2013 kg
Land Rover Rover,Range Velar,2.0 Diesel R-Dynamic S,1999,4,82,Diesel,15.68,15.68,,
Land Rover Rover,Range Velar,2.0 Petrol R-Dynamic S,1997,4,65,Petrol,12.63,12.63,,
Mercedes,Mercedes-Benz E-Class All Terrain,E 220D,1950,6,80,Diesel,0,0,,
Volvo,Xc90,D5 Inscription,1969,4,68,Diesel,13.2,13.2,,2962 kg
Volvo,Xc90,D5 Momentum,1969,4,68,Diesel,13.2,13.2,2590 kg,2910 kg
Volvo,Xc90,T8 Excellence,1969,4,68,Hybrid,5,5,2590 kg,2910 kg
Volvo,Xc90,T8 Inscription,1969,4,68,Hybrid,0,0,,2962 kg
Volvo,Xc90,D5 R-Design,1969,4,68,Diesel,13.2,13.2,,2962 kg
Land Rover Rover,Range Sport,5.0L V8 Svr Petrol,4999,8,86,Petrol,0,0,3000 kg,2310 kg
Land Rover Rover,Range Sport,2.0L S Petrol,1997,8,105,Petrol,0,0,2900 kg,2083 kg
Land Rover Rover,Range Sport,2.0L Se Petrol,1997,8,105,Petrol,0,0,2900 kg,2083 kg
Land Rover Rover,Range Sport,3.0L V6 Se Petrol,2995,6,85,Petrol,0,0,3000 kg,2134 kg
Land Rover Rover,Range Sport,2.0L Hse Petrol,1997,8,105,Petrol,0,0,3100 kg,2687 kg
Land Rover Rover,Range Sport,3.0L V6 Hse Petrol,2995,6,85,Petrol,0,0,3000 kg,2134 kg
Land Rover Rover,Range Sport,5.0L V8 Autobiography Dynamic Petrol,4999,8,86,Petrol,0,0,,
Land Rover Rover,Range Sport,3.0L Tdv6 S Diesel,2993,6,80,Diesel,0,0,3000 kg,2134 kg
Land Rover Rover,Range Sport,3.0L Tdv6 Se Diesel,2993,6,80,Diesel,0,0,3000 kg,2134 kg
Land Rover Rover,Range Sport,4.4L Sdv8 Hse Diesel,4367,8,105,Diesel,5.9,5.9,3200 kg,2443 kg
Jaguar,Xj,3.0L,2993,6,82,Diesel,9.5,9.5,2450 kg,1871 kg
Jaguar,Xj,3.0L Portfolio,2993,6,83,Diesel,9.5,9.5,2450 kg,1871 kg
Jaguar,Xj,50,2993,6,82,Diesel,9.5,9.5,2450 kg,1860 kg
Porsche,Cayenne,E-Hybrid,2995,6,75,Hybrid,0,0,,2370 kg
Porsche,Cayenne,Turbo,3996,6,90,Petrol,0,0,,2245 kg
Porsche,Cayenne,Base,2995,6,75,Petrol,0,0,,2840 kg
Maserati,Ghibli,Diesel,2987,6,70,Diesel,0,0,,1810 kg
Maserati,Ghibli,Gransport,2987,6,70,Diesel,0,0,,1810 kg
Maserati,Ghibli,Granlusso,2987,6,70,Diesel,0,0,,1810 kg
Toyota,Land Cruiser,Vx,4461,8,93,Diesel,5.3,5.3,3350 kg,2740 kg
Audi,Rs7,Sportback,3993,8,75,Petrol,5.6,5.6,2505 kg,1995 kg
Land Rover Rover,Range,5.0L V8 Autobiography Petrol,4999,8,105,Petrol,4.4,4.4,3100 kg,2687 kg
Land Rover Rover,Range,5.0L V8 Svautobiography Dynamic Petrol,4999,8,105,Petrol,4.4,4.4,3100 kg,2687 kg
Land Rover Rover,Range,3.0L V6 Vogue Lwb Petrol,2995,6,85,Petrol,8.1,8.1,3100 kg,2687 kg
Land Rover Rover,Range,5.0L V8 Svautobiography Lwb Petrol,4999,8,65,Petrol,8,8,3150 kg,2330 kg
Land Rover Rover,Range,3.0L Tdv6 Vogue Diesel,2993,6,105,Diesel,0,0,,
Land Rover Rover,Range,3.0L Tdv6 Vogue Lwb Diesel,2993,6,85,Diesel,0,0,3100 kg,2687 kg
Land Rover Rover,Range,4.4L Sdv8 Autobiography Lwb Diesel,4367,8,90,Diesel,0,0,3100 kg,2687 kg
Land Rover Rover,Range,4.4L Sdv8 Svautobiography Lwb Diesel,4367,8,65,Diesel,8.69,8.69,,
Land Rover Rover,Range,4.4L Sdv8 Vogue Se Lwb Diesel,4367,8,65,Diesel,0,0,,
Land Rover Rover,Range,3.0L V6 Vogue Se Lwb Petrol,2995,6,85,Petrol,8.1,8.1,3100 kg,2687 kg
Maserati,Grancabrio,Standard,4691,8,75,Petrol,4,4,2350 kg,1980 kg
Mercedes,Mercedes-Benz Amg-Gt,S,3982,8,75,Petrol,5,5,1890 kg,1645 kg
Mercedes,Mercedes-Benz Amg-Gt,R,3982,8,75,Petrol,5,5,1890 kg,1630 kg
Mercedes,Mercedes-Benz Amg-Gt,Roadster,3982,8,75,Petrol,5,5,1890 kg,1670 kg
Mercedes,Mercedes-Benz Amg Gt 4-Door Coupe,63 S 4Matic+,3982,8,65,Petrol,0,0,,
Lamborghini,Huracan,Lp 610-4,5204,10,90,Petrol,5.6,5.6,,1422 kg
Lamborghini,Huracan,Lp 580-2,5204,10,90,Petrol,5.8,5.8,,1389 kg
Lamborghini,Huracan,Avio,5204,10,90,Petrol,10.6,10.6,,1422 kg
Lamborghini,Huracan,Performante,5204,10,90,Petrol,5.6,5.6,,1422 kg
Lamborghini,Huracan,Lp 580-2 Spyder,5204,10,90,Petrol,5.8,5.8,,1389 kg
Lamborghini,Huracan,Lp 610-4 Spyder,5204,10,90,Petrol,5.6,5.6,,1422 kg
Lamborghini,Huracan,Evo,5204,10,90,Petrol,5.6,5.6,,1422 kg
Lamborghini,Huracan,Evo Spyder,5204,10,90,Petrol,5.6,5.6,,
Lamborghini,Huracan,Evo Rwd,5204,10,90,Petrol,5.6,5.6,,
Ferrari,488 Gtb,Std,3902,8,78,Petrol,3.2,3.2,,1475 kg
Ferrari,488 Gtb,Spider,3902,8,78,Petrol,3.2,3.2,,1475 kg
Ferrari,Gtc4 Lusso,V8 T,3900,8,91,Petrol,0,0,,1920 kg
Ferrari,Gtc4 Lusso,V12,6262,8,91,Petrol,0,0,,1920 kg
Lamborghini,Aventador,Lp 700-4,6498,12,90,Petrol,3,3,,1575 kg
Lamborghini,Aventador,Lp700-4 Roadster,6498,12,90,Petrol,3.6,3.6,,1575 kg
Lamborghini,Aventador,S,6498,12,90,Petrol,3.6,3.6,,1575 kg
Rolls-Royce,Rolls-Royce Dawn,Convertible,6598,12,80,Petrol,7.9,7.9,2958 kg,2608 kg
Rolls-Royce,Rolls-Royce Drophead Coupe,Phantom,6749,12,100,Petrol,4.38,4.38,3109 kg,2649 kg
Maruti Suzuki,Omni,5 Str Bs-Iv,796,3,35,Petrol,13,13,NA kg,785 kg
Maruti Suzuki,Omni,E 8 Str Bs-Iv,796,3,36,Petrol,13,13,,785 kg
Datsun,Go+,Datsun D,1198,3,35,Petrol,12.8,12.8,,
Datsun,Go+,Datsun T,1198,3,35,Petrol,12.8,12.8,,
Datsun,Go+,Datsun T (O),1198,3,35,Petrol,16.3,16.3,,
Datsun,Go+,Datsun A (O),1198,3,35,Petrol,20.62,20.62,,
Datsun,Go+,Datsun A,1198,3,35,Petrol,20.62,20.62,,
Datsun,Go+,Datsun T Vdc,1198,3,35,Petrol,12.8,12.8,,
Datsun,Go+,Datsun T (O) Vdc,1198,3,35,Petrol,16.3,16.3,,
Datsun,Go+,Datsun T Cvt,1198,3,35,Petrol,12.8,12.8,,
Datsun,Go+,Datsun T (O) Cvt,1198,3,35,Petrol,16.3,16.3,,
Fiat,Punto Evo Pure,1.2L Fire Dynamic,1172,4,45,Petrol,12,12,,1165 kg
Fiat,Punto Evo Pure,1.3,1248,4,45,Diesel,0,0,,1173 kg
Ford,Figo,Ambiente 1.2 Ti-Vct,1194,4,42,Petrol,0,0,,1026 kg
Ford,Figo,Ambiente 1.5 Tdci,1498,4,40,Diesel,17,17,,1057 kg
Ford,Figo,Titanium 1.2 Ti-Vct,1196,4,42,Petrol,0,0,,1026 kg
Ford,Figo,Titanium1.5 Tdci,1498,4,40,Diesel,0,0,,1057 kg
Ford,Figo,Titanium Blu 1.2 Ti-Vct,1194,4,42,Petrol,0,0,,1026 kg
Ford,Figo,Titanium Blu 1.5 Tdci,1498,4,40,Diesel,0,0,,1057 kg
Maruti Suzuki,Baleno,1.3 Delta,1248,4,37,Diesel,27.39,27.39,,970 kg
Maruti Suzuki,Baleno,1.3 Alpha,1248,4,37,Diesel,27.39,27.39,,985 kg
Maruti Suzuki,Baleno,1.3 Sigma,1248,4,37,Diesel,27.39,27.39,,960 kg
Maruti Suzuki,Baleno,1.3 Zeta,1248,4,37,Diesel,27.39,27.39,,980 kg
Maruti Suzuki,Baleno,1.2 Alpha,1197,4,37,Petrol,21.4,21.4,,890 kg
Maruti Suzuki,Baleno,1.2 Alpha Cvt,1197,4,37,Petrol,21.4,21.4,,935 kg
Maruti Suzuki,Baleno,1.2 Delta,1197,4,37,Petrol,21.4,21.4,,870 kg
Maruti Suzuki,Baleno,1.2 Delta Cvt,1197,4,37,Petrol,21.4,21.4,,910 kg
Maruti Suzuki,Baleno,1.2 Sigma,1197,4,37,Petrol,21.4,21.4,,865 kg
Maruti Suzuki,Baleno,1.2 Zeta,1197,4,37,Petrol,21.4,21.4,,880 kg
Maruti Suzuki,Baleno,1.2 Delta Dualjet,1197,4,37,Petrol,21.4,21.4,,870 kg
Maruti Suzuki,Baleno,1.2 Zeta Dualjet,1197,4,37,Petrol,21.4,21.4,,880 kg
Maruti Suzuki,Baleno,1.2 Zeta Cvt,1197,4,37,Petrol,21.4,21.4,,920 kg
Hyundai,Grand I10,1.2 Kappa Vtvt Magna,1197,4,43,Petrol,18.9,18.9,1042 kg,1003 kg
Hyundai,Grand I10,1.2 Kappa Vtvt Sportz,1197,4,43,Petrol,18.9,18.9,1420 kg,1003 kg
Hyundai,Grand I10,1.2 Kappa Vtvt Magna At,1197,4,43,Petrol,18.9,18.9,,
Hyundai,Grand I10,1.2 Kappa Vtvt Sportz At,1197,4,43,Petrol,18.9,18.9,1420 kg,1003 kg
Hyundai,Grand I10,1.2 Kappa Vtvt Sportz Dual Tone,1197,4,43,Petrol,18.9,18.9,1420 kg,1003 kg
Hyundai,Grand I10,1.2 Kappa Vtvt Magna Cng,1197,4,43,CNG,0,0,1042 kg,1003 kg
Fiat,Linea Classic,1.3 Multijet,1248,4,45,Diesel,16.2,16.2,,1210 kg
Fiat,Linea Classic,1.4,1368,4,45,Petrol,11.4,11.4,,1180 kg
Fiat,Linea Classic,Plus 1.3 Multijet,1248,4,45,Diesel,16.2,16.2,,1210 kg
Nissan,Sunny,Xe Petrol,1498,4,41,Petrol,10.6,10.6,,
Nissan,Sunny,Xl Petrol,1498,4,41,Petrol,10.6,10.6,,
Nissan,Sunny,Xl Diesel,1461,4,41,Diesel,18,18,,
Nissan,Sunny,Xv Diesel,1461,4,41,Diesel,18,18,,
Nissan,Sunny,Xe Diesel,1461,4,41,Diesel,18,18,,
Nissan,Sunny,Xv Cvt,1498,4,41,Petrol,10.6,10.6,,
Nissan,Sunny,Special Edition Diesel,1461,4,41,Diesel,18,18,,
Maruti Suzuki,Ertiga,Lxi,1462,4,45,Petrol,0,0,1760 kg,1135 kg
Maruti Suzuki,Ertiga,Zxi,1462,4,45,Petrol,0,0,1760 kg,1175 kg
Maruti Suzuki,Ertiga,Vxi At,1462,4,45,Petrol,0,0,1740 kg,1170 kg
Maruti Suzuki,Ertiga,Zxi Plus,1462,4,45,Petrol,0,0,1730 kg,1170 kg
Maruti Suzuki,Ertiga,Vxi,1462,4,45,Petrol,0,0,1760 kg,1175 kg
Maruti Suzuki,Ertiga,Zxi At,1462,4,45,Petrol,0,0,1760 kg,1180 kg
Maruti Suzuki,Ertiga,1.5L Vdi,1498,4,45,Diesel,0,0,1730 kg kg,1225 kg kg
Maruti Suzuki,Ertiga,1.5L Zdi,1498,4,45,Diesel,0,0,1730 kg kg,1225 kg kg
Maruti Suzuki,Ertiga,1.5L Zdi Plus,1498,4,45,Diesel,0,0,1800 kg kg,1225 kg kg
Maruti Suzuki,Ertiga,Vxi Cng (Cng +,1462,4,45,CNG + Petrol,0,0,1760 kg,1175 kg
Maruti Suzuki,Baleno Rs,Rs 1.0,998,3,37,Petrol,21.4,21.4,1360 kg,950 kg
Honda,Wr-V,Vx Diesel,1498,4,40,Diesel,25.5,25.5,,1204 kg
Honda,Wr-V,Vx Petrol,1199,4,40,Petrol,17.5,17.5,,1104 kg
Honda,Wr-V,S Diesel,1498,4,40,Diesel,25.5,25.5,,1176 kg
Honda,Wr-V,S Petrol,1199,4,40,Petrol,17.5,17.5,,1087 kg
Honda,Wr-V,Edge Plus Edition Diesel,1498,4,40,Diesel,25.5,25.5,,1176 kg
Honda,Wr-V,Edge Plus Edition Petrol,1199,4,40,Petrol,17.5,17.5,,1087 kg
Honda,Wr-V,Exclusive Edition Diesel,1498,4,40,Diesel,25.5,25.5,,1204 kg
Honda,Wr-V,Exclusive Edition Petrol,1199,4,40,Petrol,17.5,17.5,,1104 kg
Honda,Wr-V,V Diesel,1498,4,40,Diesel,25.5,25.5,,1204 kg
Mahindra,Tuv300,T4 Plus,1493,3,60,Diesel,18.49,18.49,2225 kg,1590 kg
Mahindra,Tuv300,T6 Plus,1493,3,60,Diesel,18.49,18.49,2225 kg,1590 kg
Mahindra,Tuv300,T8,1493,3,60,Diesel,18.49,18.49,2225 kg,1590 kg
Mahindra,Tuv300,T10,1493,3,60,Diesel,18.49,18.49,2225 kg,1590 kg
Mahindra,Tuv300,T10 (O),1493,3,60,Diesel,18.49,18.49,2225 kg,1590 kg
Mahindra,Tuv300,T10 Dual Tone,1493,3,60,Diesel,18.49,18.49,2225 kg,1590 kg
Mahindra,Tuv300,T10 (O) Dual Tone,1493,3,60,Diesel,18.49,18.49,2225 kg,1590 kg
Maruti Suzuki,S-Cross,1.3L Sigma,1248,4,48,Diesel,23.65,23.65,1670 kg,1215 kg
Maruti Suzuki,S-Cross,1.3L Delta,1248,4,48,Diesel,23.65,23.65,1670 kg,1224 kg
Maruti Suzuki,S-Cross,1.3L Zeta,1248,4,48,Diesel,23.65,23.65,1670 kg,1233 kg
Maruti Suzuki,S-Cross,1.3L Alpha,1248,4,48,Diesel,23.65,23.65,1670 kg,1240 kg
Renault,Captur,Rxe Petrol,1498,4,50,Petrol,0,0,,
Renault,Captur,Rxe Diesel,1461,4,50,Diesel,0,0,,
Renault,Captur,Platine Diesel Dual Tone,1461,4,50,Diesel,0,0,,
Renault,Captur,Platine Petrol Dual Tone,1498,4,50,Petrol,0,0,,
Mahindra,Xylo,D2 Bs-Iv,2489,4,55,Diesel,10.7,10.7,2475 kg,1875 kg
Mahindra,Xylo,D4 Bs-Iv,2489,4,55,Diesel,10.3,10.3,2475 kg,1875 kg
Mahindra,Xylo,H4 Bs-Iv,2179,4,55,Diesel,11.4,11.4,2475 kg,1875 kg
Mahindra,Xylo,H4 Abs Bs-Iv,2179,4,55,Diesel,11.4,11.4,2475 kg,1875 kg
Mahindra,Xylo,H8 Abs Airbags Bs-Iv,2179,4,55,Diesel,11.4,11.4,2475 kg,1875 kg
Mercedes,Mercedes-Benz C-Class,C 220D Prime,1950,4,66,Diesel,0,0,,
,,,,,,,,,,
,,,,,,,,,,
,,,,,,,,,,
,,,,,,,,,,
,,,,,,,,,,
,,,,,,,,,,
,,,,,,,,,,
,,,,,,,,,,
,,,,,,,,,,
,,,,,,,,,,
,,,,,,,,,,
,,,,,,,,,,
,,,,,,,,,,
,,,,,,,,,,
,,,,,,,,,,
,,,,,,,,,1764 kg,1236 kg
Mercedes,Mercedes-Benz C-Class,C 220D Progressive,1950,4,66,Diesel,0,0,1787 kg,1360 kg
Mercedes,Mercedes-Benz C-Class,C 300D Amg Line,1950,4,66,Diesel,0,0,1755 kg,1360 kg
Mercedes,Mercedes-Benz C-Class,C 43 Amg,3982,8,66,Petrol,0,0,1764 kg,1360 kg
Mercedes,Mercedes-Benz C-Class,C 200 Prime,1497,4,66,Petrol,0,0,1787 kg,1360 kg
Mercedes,Mercedes-Benz C-Class,C 200 Progressive,1497,4,66,Petrol,0,0,1764 kg,1236 kg
Toyota,Prius,Z8,1798,4,43,Hybrid,15.1,15.1,2505 kg,2000 kg
Lexus,Es,300H,2487,4,43,Hybrid,17.8,17.8,2555 kg,2000 kg
Lexus,Nx 300H,F-Sport,2494,6,56,Petrol,0,0,2570 kg,2095 kg
Lexus,Nx 300H,Luxury,2494,6,56,Petrol,0,0,2650 kg,2095 kg
Jaguar,F-Pace,Prestige,1999,4,60,Diesel,21.27,21.27,,
Jaguar,F-Pace,Prestige Petrol,1997,4,60,Petrol,0,0,,
Volvo,V90 Cross Country,D5 Inscription,1969,4,60,Diesel,13.2,13.2,,
Audi,A5 Cabriolet,2.0 Tdi,1968,4,58,Diesel,0,0,,
Mercedes,Mercedes-Benz Gle,300D 4Matic,1950,4,93,Diesel,0,0,,
Mercedes,Mercedes-Benz Gle,400D 4Matic Hip Hop Edition,2925,6,93,Diesel,0,0,,
Mercedes,Mercedes-Benz Cls,300D,1950,4,93,Diesel,0,0,,
Bmw,X7,Xdrive 40I,2998,6,80,Petrol,0,0,,
Bmw,X7,Xdrive30D Dpe Signature,2993,6,80,Diesel,0,0,,
Bmw,M4,Coupe,2979,6,60,Petrol,7.32,7.32,,
Porsche,911,Carrera S,2981,6,64,Petrol,7.9,7.9,,
Porsche,911,Carrera S Cabriolet,2981,6,64,Petrol,11.6,11.6,,
Nissan,Gtr,3.8 V6,3799,6,74,Petrol,9,9,,
Aston Martin,Vantage,Coupe,3982,8,73,Petrol,5,5,,
Aston Martin,Rapide,Luxe,5935,12,90.5,Petrol,9.1,9.1,,
Ferrari,812 Superfast,Superfast,6496,12,92,Petrol,0,0,,
Maruti Suzuki,Alto 800 Tour,H1,796,3,35,Petrol,18,18,,
Maruti Suzuki,Alto 800 Tour,H1 (O),796,3,35,Petrol,18,18,,
Hyundai,Grand I10 Nios,Magna 1.2 Crdi,1186,3,37,Diesel,20.7,20.7,,
Hyundai,Grand I10 Nios,Era 1.2 Vtvt,1197,4,37,Petrol,0,0,,
Hyundai,Grand I10 Nios,Magna 1.2 Vtvt,1197,4,37,Petrol,0,0,,
Hyundai,Grand I10 Nios,Magna Amt 1.2 Vtvt,1197,4,37,Petrol,0,0,,
Hyundai,Grand I10 Nios,Sportz 1.2 Vtvt,1197,4,37,Petrol,0,0,,
Hyundai,Grand I10 Nios,Sportz Amt 1.2 Vtvt,1197,4,37,Petrol,0,0,,
Hyundai,Grand I10 Nios,Sportz Dual Tone 1.2 Vtvt,1197,4,37,Petrol,0,0,,
Hyundai,Grand I10 Nios,Asta 1.2 Vtvt,1197,4,37,Petrol,0,0,,
Hyundai,Grand I10 Nios,Sportz Amt 1.2 Crdi,1186,3,37,Diesel,0,0,,1535 kg
Hyundai,Grand I10 Nios,Asta 1.2 Crdi,1186,3,37,Diesel,0,0,,1550 kg
Hyundai,Xcent,S 1.2,1197,4,43,Petrol,15.7,15.7,,1535 kg
Hyundai,Xcent,S At 1.2,1197,4,43,Petrol,15.7,15.7,,1550 kg
Hyundai,Xcent,Sx 1.2,1197,4,43,Petrol,15.7,15.7,1920 kg,1395 kg
Hyundai,Xcent,Sx 1.2 (O),1197,4,43,Petrol,15.7,15.7,2000 kg,1515 kg
Hyundai,Xcent,S 1.2 Crdi,1120,3,43,Diesel,19,19,2040 kg,1607 kg
Hyundai,Xcent,E,1197,4,43,Petrol,15.7,15.7,1461kg kg,1587 kg
Hyundai,Xcent,Sx 1.2 Crdi,1120,3,43,Diesel,19,19,,
Hyundai,Xcent,Sx 1.2 Crdi (O),1120,3,43,Diesel,19,19,,
Hyundai,Xcent,E Crdi,1197,4,43,Diesel,19,19,,
Nissan,Micra,Xl (O) Cvt,1198,3,41,Petrol,0,0,,
Nissan,Micra,Xv Cvt,1198,3,41,Petrol,0,0,,1655 kg
Nissan,Micra,Xld (O),1461,4,41,Diesel,0,0,,1655 kg
Nissan,Micra,Xvd,1461,4,41,Diesel,19.5,19.5,,1655 kg
Mahindra,Bolero,Zlx,2523,4,60,Diesel,9.4,9.4,,1730 kg
Mahindra,Bolero,Slx,2523,4,60,Diesel,12.3,12.3,2165 kg,1655 kg
Mahindra,Bolero,Sle,2523,4,60,Diesel,12.3,12.3,,1655 kg
Mahindra,Bolero,Ex,2523,4,60,Diesel,9.4,9.4,1790 kg,
Mahindra,Bolero,Ex Non Ac,2523,4,60,Diesel,9.4,9.4,,1670 kg
Maruti Suzuki,Ciaz,1.3L Alpha Smart Hybrid,1248,4,43,Diesel,28.09,28.09,2395 kg,1905 kg
Maruti Suzuki,Ciaz,1.3L Sigma Smart Hybrid,1248,4,43,Diesel,28.09,28.09,2395 kg,1785 kg
Maruti Suzuki,Ciaz,1.3L Delta Smart Hybrid,1248,4,43,Diesel,28.09,28.09,2460 kg,1830 kg
Maruti Suzuki,Ciaz,1.3L Zeta Smart Hybrid,1248,4,43,Diesel,28.09,28.09,2460 kg,1830 kg
Maruti Suzuki,Ciaz,1.5L Sigma Smart Hybrid,1462,4,43,Petrol,0,0,,2962 kg
Maruti Suzuki,Ciaz,1.5L Delta Smart Hybrid,1462,4,43,Petrol,0,0,2310 kg,1875 kg
Maruti Suzuki,Ciaz,1.5L Zeta Smart Hybrid,1462,4,43,Petrol,21.56,21.56,2910 kg,
Maruti Suzuki,Ciaz,1.5L Alpha Smart Hybrid,1462,4,43,Petrol,0,0,2910 kg,2150 kg
Maruti Suzuki,Ciaz,1.5L Delta At Smart Hybrid,1462,4,43,Petrol,0,0,2445 kg,
Maruti Suzuki,Ciaz,1.5L Zeta At Smart Hybrid,1462,4,43,Petrol,0,0,,
Maruti Suzuki,Ciaz,1.5L Alpha At Smart Hybrid,1462,4,43,Petrol,0,0,,
Maruti Suzuki,Ciaz,1.5L Alpha,1498,4,43,Diesel,26.82,26.82,2040 kg,1612 kg
Maruti Suzuki,Ciaz,1.5L Delta,1498,4,43,Diesel,26032,26032,1985 kg,1515 kg
Maruti Suzuki,Ciaz,1.5L Zeta,1498,4,43,Diesel,26.32,26.32,2040 kg,1585 kg
Skoda,Rapid,1.6 Mpi Ambition,1598,4,55,Petrol,12,12,,1752 kg
Skoda,Rapid,1.5 Tdi Cr Active,1498,4,55,Diesel,14.5,14.5,,1530 kg
Skoda,Rapid,1.6 Mpi Active,1598,4,55,Petrol,12,12,2081 kg,1990 kg
Skoda,Rapid,1.5 Tdi Cr Ambition,1498,4,55,Diesel,14.5,14.5,,1630 kg
Skoda,Rapid,1.5 Tdi Cr Ambition At,1498,4,55,Diesel,14.5,14.5,1185 kg,720 kg
Skoda,Rapid,1.6 Mpi Style At,1598,4,55,Petrol,12,12,1185 kg,720 kg
Skoda,Rapid,1.5 Tdi Cr Style At,1498,4,55,Diesel,18,18,,
Skoda,Rapid,1.5 Tdi Cr Style,1498,4,55,Diesel,18,18,,935 kg
Skoda,Rapid,1.6 Mpi Style,1598,4,55,Petrol,12,12,,935 kg
Skoda,Rapid,1.6 Mpi Ambition At,1598,4,55,Petrol,12,12,,935 kg
Skoda,Rapid,Onyx Mt Petrol,1598,4,55,Petrol,12,12,,935 kg
Skoda,Rapid,Onyx At Petrol,1598,4,55,Petrol,12,12,,935 kg
Skoda,Rapid,Onyx Mt Diesel,1498,4,55,Diesel,18,18,,935 kg
Skoda,Rapid,Onyx At Diesel,1498,4,55,Diesel,18,18,,935 kg
Fiat,Abarth Punto,1.4 T-Jet,1368,4,45,Petrol,17,17,,
Hyundai,Creta,1.4 Crdi E Plus,1396,4,55,Diesel,21.38,21.38,,
Hyundai,Creta,1.6 Vtvt E Plus,1591,4,55,Petrol,15.29,15.29,,
Hyundai,Creta,1.6 Vtvt Sx,1591,4,55,Petrol,15.29,15.29,,
Hyundai,Creta,1.6 Vtvt Sx (O),1591,4,55,Petrol,15.29,15.29,1530 kg,1100 kg
Hyundai,Creta,1.6 Vtvt Sx At,1591,4,55,Petrol,15.29,15.29,1530 kg,1100 kg
Hyundai,Creta,1.6 Vtvt Sx Dual Tone,1591,4,55,Petrol,15.29,15.29,1530 kg,1100 kg
Hyundai,Creta,1.4 Crdi S,1396,4,55,Diesel,21.38,21.38,1530 kg,1100 kg
Hyundai,Creta,1.6 Crdi Sx,1582,4,55,Diesel,17.01,17.01,1530 kg,1100 kg
Hyundai,Creta,1.6 Crdi Sx (O),1582,4,55,Diesel,17.01,17.01,1530 kg,1100 kg
Hyundai,Creta,1.6 Crdi Sx At,1582,4,55,Diesel,17.01,17.01,1530 kg,1100 kg
Hyundai,Creta,1.6 Crdi Sx Dual Tone,1582,4,55,Diesel,17.01,17.01,,930 kg
Hyundai,Creta,1.6 Crdi S At,1582,4,55,Diesel,17.01,17.01,,
Hyundai,Creta,1.6 Vtvt Sx (O) Executive,1591,4,55,Petrol,15.29,15.29,,
Hyundai,Creta,1.6 Crdi Sx (O) Executive,1582,4,55,Diesel,17.01,17.01,1425 kg,1001 kg
Hyundai,Creta,1.4 Crdi Ex,1396,4,55,Diesel,21.38,21.38,1965 kg,1615 kg
Hyundai,Creta,1.6 Vtvt Ex,1591,4,55,Petrol,15.29,15.29,,1615 kg
Hyundai,Creta,Sports Edition Petrol,1591,4,55,Petrol,15.29,15.29,,1615 kg
Hyundai,Creta,Sports Edition Diesel,1582,4,55,Diesel,0,0,,1615 kg
Tata,Harrier,Revotorq Xe,1956,3,50,Diesel,0,0,,1615 kg
Tata,Harrier,Revotorq Xm,1956,3,50,Diesel,0,0,1590 kg,1105 kg
Tata,Harrier,Revotorq Xt,1956,3,50,Diesel,0,0,1590 kg,1105 kg
Tata,Harrier,Revotorq Xz,1956,3,50,Diesel,0,0,1590 kg,1105 kg
Tata,Harrier,Revotorq Xz Dual Tone,1956,3,50,Diesel,0,0,1590 kg,1105 kg
Tata,Harrier,Revotorq Dark Edition,1956,3,50,Diesel,0,0,1520 kg,1010 kg
Isuzu,Dmax V-Cross,Standard,2499,4,52,Diesel,7.3,7.3,1520 kg,1010 kg
Isuzu,Dmax V-Cross,High Z,2499,4,52,Diesel,7.3,7.3,1520 kg,1010 kg
Isuzu,Dmax V-Cross,Z Prestige,1898,4,52,Diesel,7.3,7.3,1520 kg,1010 kg
Mitsubishi,Outlander,2.4L Outlander,2360,4,60,Petrol,0,0,1520 kg,1010 kg
Mercedes,Mercedes-Benz Gla-Class,200 Sport,1991,4,50,Petrol,10,10,1520 kg,1010 kg
Mercedes,Mercedes-Benz Gla-Class,200 D Style,2143,4,70,Diesel,13.4,13.4,1520 kg,1010 kg
Mercedes,Mercedes-Benz Gla-Class,200 D Sport,2143,4,70,Diesel,13.4,13.4,1590 kg,1105 kg
Mercedes,Mercedes-Benz Gla-Class,45 Amg 4Matic,1991,4,50,Petrol,10.2,10.2,1590 kg,1105 kg
Mercedes,Mercedes-Benz Gla-Class,220 D 4Matic,2143,4,70,Diesel,13.4,13.4,1590 kg,1105 kg
Mercedes,Mercedes-Benz Gla-Class,45 Aero Edition,1991,4,50,Petrol,10.2,10.2,1680 kg,1137 kg
Honda,Accord Hybrid,2.0 At,1993,4,60,Hybrid,21,21,1750 kg,1210 kg
Bmw,5-Series,520D Luxury Line,1995,4,70,Diesel,8.4,8.4,1680 kg,1137 kg
Bmw,5-Series,530D M Sport,2993,6,70,Diesel,13.1,13.1,1750 kg,1210 kg
Bmw,5-Series,530I M Sport,1998,6,70,Petrol,15.01,15.01,1770 kg,1228 kg
Bmw,6-Series,630D Gt Luxury Line,2993,6,88,Diesel,0,0,1710 kg,1187 kg
Bmw,6-Series,630D Gt M Sport,2993,6,88,Diesel,0,0,1770 kg,1228 kg
Bmw,6-Series,630I Gt Luxury Line,4395,8,70,Petrol,4.45,4.45,1750 kg,1210 kg
Bmw,6-Series,620D Gt Luxury Line,1995,4,66,Diesel,0,0,1680 kg,1137 kg
Porsche,Macan,S,2995,6,65,Petrol,0,0,1710 kg,1187 kg
Porsche,Macan,Base,1984,6,65,Petrol,0,0,1680 kg,1137 kg
Jaguar,F-Type,5.0 Convertible R,5000,6,70,Petrol,12.05,12.05,1710 kg,1187 kg
Jaguar,F-Type,5.0 Coupe R,5000,6,72,Petrol,7.81,7.81,1750 kg,1210 kg
Jaguar,F-Type,Svr Coupe,5000,8,70,Petrol,0,0,1770 kg,1228 kg
Jaguar,F-Type,Svr Convertible,5000,8,70,Petrol,0,0,,
Jaguar,F-Type,2.0L Coupe,1997,6,63,Petrol,0,0,,
Jaguar,F-Type,2.0L Convertible,1997,6,63,Petrol,0,0,,
Jaguar,F-Type,2.0 Convertible R Dynamic,1997,8,63,Petrol,0,0,1758 kg,1180 kg
Jaguar,F-Type,2.0 Coupe R Dynamic,1997,4,63,Petrol,0,0,1758 kg,1180 kg
Bmw,M5,Competition,4395,8,68,Petrol,0,0,1758 kg,1180 kg
Lexus,Lx 570,V8,5700,8,93,Diesel,18,18,1758 kg,1180 kg
Ferrari,458 Spider,V8,3902,8,86,Petrol,3.2,3.2,,
Maruti Suzuki,Wagon,Vxi,998,3,32,Petrol,0,0,,
Maruti Suzuki,Wagon,Vxi Ags,998,3,32,Petrol,0,0,,
Maruti Suzuki,Wagon,1.2L Zxi,1197,3,32,Petrol,0,0,,
Maruti Suzuki,Wagon,Lxi,998,3,32,Petrol,0,0,,
Maruti Suzuki,Wagon,1.2L Vxi,1197,3,32,Petrol,0,0,,
Maruti Suzuki,Wagon,1.2L Vxi Ags,1197,3,32,Petrol,0,0,1758 kg,1180 kg
Maruti Suzuki,Wagon,1.2L Zxi Ags,1197,3,32,Petrol,0,0,,
Maruti Suzuki,Wagon,Lxi (O),998,3,32,Petrol,0,0,,
Maruti Suzuki,Wagon,Vxi (O),998,3,32,Petrol,0,0,,
Maruti Suzuki,Wagon,1.2L Vxi (O),1197,3,32,Petrol,0,0,1758 kg,1180 kg
Maruti Suzuki,Wagon,1.2L Vxi Ags (O),1197,3,32,Petrol,0,0,,
Maruti Suzuki,Wagon,Vxi Ags (O),998,3,32,Petrol,0,0,,
Maruti Suzuki,Wagon,Lxi Cng,998,3,32,CNG,0,0,,
Maruti Suzuki,Wagon,Lxi (O) Cng,998,3,32,CNG,0,0,,1080 kg
Tata,Tiago Nrg,1.2L Revotron,1199,3,35,Petrol,0,0,,
Tata,Tiago Nrg,1.05L Revotorq,1047,3,35,Diesel,0,0,,
Tata,Tiago Nrg,1.2L Revotron Amt,1199,3,35,Petrol,0,0,,
Mahindra,Nuvosport,N4,1493,3,60,Diesel,13.8,13.8,2200 kg,1935 kg
Mahindra,Nuvosport,N6,1493,3,60,Diesel,13.8,13.8,2230 kg,1945 kg
Mahindra,Nuvosport,N8,1493,3,60,Diesel,13.8,13.8,,1935 kg
Mahindra,Nuvosport,N4 +,1493,3,60,Diesel,13.8,13.8,2110 kg,1602 kg
Mahindra,Nuvosport,N6 Amt,1493,3,60,Diesel,12.8,12.8,1940 kg,1525 kg
Mahindra,Nuvosport,N8 Amt,1493,3,60,Diesel,12.8,12.8,2020 kg,1585 kg
Nissan,Kicks,Xl Petrol,1498,4,50,Petrol,0,0,2020 kg,1585 kg
Nissan,Kicks,Xv Petrol,1498,4,50,Petrol,0,0,2105 kg,1720 kg
Nissan,Kicks,Xl Diesel,1461,4,50,Diesel,0,0,2020 kg,1585 kg
Nissan,Kicks,Xv Diesel,1461,4,50,Diesel,0,0,2105 kg,1720 kg
Nissan,Kicks,Xv Premium,1461,4,50,Diesel,0,0,1995 kg,1620 kg
Nissan,Kicks,Xv Premium (O),1461,4,50,Diesel,0,0,2315 kg,1705 kg
Nissan,Kicks,Xv Premium (O) Dual Tone,1461,4,50,Diesel,0,0,2315 kg,1705 kg
Nissan,Kicks,Xe Diesel,1461,4,50,Diesel,0,0,2315 kg,1705 kg
Tata,Winger,15S,2200,4,60,Diesel,0,0,,1865 kg
Hyundai,Kona Electric,Premium,0,0,0,Electric,0,0,,1865 kg
Toyota,Camry,Hybrid,2487,4,50,Hybrid,0,0,,
Audi,A5,Sportback,1968,4,54,Diesel,0,0,,1720 kg
Land Rover,Discovery,3.0 Hse Diesel,2993,6,85,Diesel,0,0,2580 kg,1865 kg
Land Rover,Discovery,3.0 Se Diesel,2993,6,85,Diesel,0,0,2580 kg,1865 kg
Land Rover,Discovery,3.0 Hse Petrol,2995,6,89,Petrol,0,0,,
Land Rover,Discovery,3.0 Se Petrol,2995,6,89,Petrol,0,0,1614 kg,
Land Rover,Discovery,3.0 S Diesel,2993,6,85,Diesel,0,0,,
Land Rover,Discovery,3.0 S Petrol,2995,6,89,Petrol,0,0,2150 kg,1720 kg
Land Rover,Discovery,3.0 Hse Luxury Diesel,2993,6,85,Diesel,0,0,,1577 kg
Land Rover,Discovery,3.0 Hse Luxury Petrol,2995,6,89,Petrol,0,0,,1614 kg
Lexus,Ls 500H,Luxury,3456,6,82,Hybrid,0,0,,1665 kg
Lexus,Ls 500H,Ultra Luxury,3456,6,82,Hybrid,0,0,,1730 kg
Lexus,Ls 500H,Distinct,3456,6,82,Hybrid,0,0,2440 kg,1950 kg
Rolls-Royce,Rolls-Royce Phantom,Sedan,6749,12,100,Petrol,10.2,10.2,3350 kg,2660 kg
Rolls-Royce,Rolls-Royce Phantom,Ewb,6749,12,100,Petrol,10.2,10.2,,1525 kg
Fiat,Punto Evo,Dynamic 1.2,1172,4,45,Petrol,15.8,15.8,,
Fiat,Punto Evo,Active Multijet 1.3,1172,4,45,Diesel,21.2,21.2,,
Fiat,Punto Evo,Dynamic Multijet 1.3,1248,4,45,Diesel,21.2,21.2,,
Fiat,Punto Evo,Emotion Multijet 1.3,1248,4,45,Diesel,21.2,21.2,,
Toyota,Yaris,J,1496,4,42,Petrol,0,0,1340 kg,830 kg
Toyota,Yaris,G,1496,4,42,Petrol,0,0,,
Toyota,Yaris,V,1498,4,42,Petrol,0,0,,
Toyota,Yaris,Vx Cvt,1496,4,42,Petrol,0,0,,
Toyota,Yaris,G Cvt,1496,4,42,Petrol,0,0,,
Toyota,Yaris,J Cvt,1496,4,42,Petrol,0,0,1340 kg,830 kg
Toyota,Yaris,V Cvt,1496,4,42,Petrol,0,0,,
Toyota,Yaris,Vx,1496,4,42,Petrol,0,0,,
Toyota,Yaris,V (O),1498,4,42,Petrol,0,0,,
Toyota,Yaris,J (O),1496,4,42,Petrol,0,0,,
Toyota,Yaris,G (O),1496,4,42,Petrol,0,0,,1017 kg
Toyota,Yaris,J (O) Cvt,1496,4,42,Petrol,0,0,,1085 kg
Toyota,Yaris,G (O) Cvt,1496,4,42,Petrol,0,0,,1017 kg
Toyota,Yaris,V (O) Cvt,1498,4,42,Petrol,0,0,2220 kg,
Skoda,Octavia,Ambition 1.4 Tsi,1395,4,50,Petrol,0,0,2220 kg,
Skoda,Octavia,Ambition 2.0 Tdi Cr,1968,4,50,Diesel,0,0,2220 kg,
Skoda,Octavia,Style 1.4 Tsi,1395,4,50,Petrol,0,0,2220 kg,
Skoda,Octavia,Style 1.8 Tsi At,1798,4,50,Petrol,0,0,2220 kg,
Skoda,Octavia,Style 2.0 Tdi Cr,1968,4,50,Diesel,0,0,2220 kg,
Skoda,Octavia,Style 2.0 Tdi Cr At,1968,4,50,Diesel,0,0,,
Skoda,Octavia,L & K 1.8 Tsi At,1798,4,50,Petrol,0,0,,
Skoda,Octavia,L & K 2.0 Tdi Cr At,1968,4,50,Diesel,0,0,,
Skoda,Octavia,Corporate Edition 1.4 Tsi,1395,4,50,Petrol,0,0,,
Skoda,Octavia,Corporate Edition 2.0 Tdi,1968,4,50,Diesel,0,0,,
Skoda,Octavia,Onyx 1.8 Tsi Dsg,1798,4,50,Petrol,0,0,,
Skoda,Octavia,Onyx 2.0 Tdi Dsg,1968,4,50,Diesel,0,0,,
Mercedes,Mercedes-Benz Glc,200 Progressive,1991,4,66,Petrol,0,0,,
Mercedes,Mercedes-Benz Glc,220D 4Matic Progressive,1950,4,50,Diesel,0,0,3475 kg,2275 kg
Porsche,Cayenne Coupe,Base,2995,6,75,Petrol,0,0,,
Porsche,Cayenne Coupe,Turbo,2995,8,90,Petrol,0,0,2100 kg,1665 kg
Mahindra,Verito,1.5 D2,1461,4,50,Diesel,18,18,1670 kg,2115 kg
Mahindra,Verito,1.5 D4 Bs-Iv,1461,4,50,Diesel,18,18,,
Mahindra,Verito,1.5 D6 Bs-Iv,1461,4,50,Diesel,18,18,,
Mitsubishi,Pajero Sport,2.5 Mt,2477,4,70,Diesel,6.5,6.5,,
Mitsubishi,Pajero Sport,2.5 At,2477,4,70,Diesel,6.5,6.5,,
Mitsubishi,Pajero Sport,Limited Edition,2477,4,70,Diesel,6.5,6.5,,
Mitsubishi,Pajero Sport,Select Plus Mt,2477,4,70,Diesel,6.5,6.5,,
Mitsubishi,Pajero Sport,Select Plus At,2477,4,70,Diesel,6.5,6.5,,
Bentley,Flying Spur,V8,3993,8,90,Petrol,2,2,,
Bentley,Flying Spur,W12,5998,12,90,Petrol,2,2,2725 kg,2300 kg
Honda,City,Sv Mt Petrol,1497,4,40,Petrol,14.3,14.3,2725 kg,2322 kg
Honda,City,V Mt Petrol,1497,4,40,Petrol,14.3,14.3,2725 kg,2345 kg
Honda,City,Vx Mt Petrol,1497,4,40,Petrol,14.3,14.3,3109 kg,2649 kg
Honda,City,Vx Cvt Petrol,1497,4,40,Petrol,14.3,14.3,3171 kg,2694 kg
Honda,City,Sv Mt Diesel,1498,4,40,Diesel,22.6,22.6,,1095 kg
Honda,City,V Mt Diesel,1498,4,40,Diesel,22.6,22.6,,1095 kg
Honda,City,Vx Mt Diesel,1498,4,40,Diesel,22.6,22.6,,1165 kg
Honda,City,Zx Mt Diesel,1498,4,40,Diesel,22.6,22.6,,1095 kg
Honda,City,Zx Cvt Petrol,1497,4,40,Petrol,18,18,1580 kg,1090 kg
Honda,City,V Cvt Petrol,1497,4,40,Petrol,14.3,14.3,1580 kg,1095 kg
Mitsubishi,Montero,3.2 At,3200,4,88,Diesel,8.25,8.25,1580 kg,1105 kg